영화명,감독,배우,장르,등급,전국관객수
명량,김한민,최민식/류승룡/조진웅/진구/김명곤/이정현/귄율/노민우/김태훈/이승준/김강일/박보검/이해영/장준녕/문영동/김원해/유순웅/최덕문/김길동/박노식/최창균/신창수/김현태/정제우/강태영/김구택/주석태/조복래/고경표/심지원/이재구/조하석/구본진/이주실/한성용/하수호/이태형/오타니 료헤이,사극,15세,17613682
국제시장,윤제균,황정민/김윤진/오달수/정진영/장영남/라미란/김슬기/이현/김민재/태인호/황선화/최재섭/유정호/고윤/박선웅/남진복/맹세창/정영기/홍석연,드라마,12세,14245998
아바타,제임스 카메론,샘 워싱턴/조 샐다나/시고니 위버/스티븐 랭/미셸 로드리게즈/지오바니 리비시/조엘 무어/CCH 파운더/웨스 스투디/라즈 알론소,SF,12세,13624328
베테랑,류승완,황정민/유아인/유해진/오달수/장윤주/김시후/오대환/정웅인/정만식/송영창/진경/박소담/이동휘/배성우/천호진,액션,15세,13395400
괴물,봉준호,송강호/변희봉/박해일/배두나/고아성/오달수/이재응/이동호/윤제문/임필성/김뢰하/박노식/고수희/유연수,SF,12세,13019740
도둑들,최동훈,김윤석/김혜수/이정재/전지현/임달화/김해숙/오달수/김수현/이신제/증국상/주진모/기국서/최덕문/채국희/예수정/최진호,액션,15세,12983330
7번방의 선물,이환경,류승룡/박신혜/갈소원/오달수/박원상/김정태/정만식/김기천/박길수/조재윤/정한비/조덕현/이윤회/조주경/강승완/김세동/윤선우/한성용/이윤희/이승연/강승완,코미디,15세,12811206
암살,최동훈,전지현/이정재/하정우/오달수/조진웅/이경영/최덕문/박병은/김의성/진경/허지원/김홍파/정규수/김강우/한동규/정기섭/이환/김인우/이영석/심희섭/허정도/우상전,액션,15세,12705700
광해 왕이 된 남자,추창민,이병헌/류승룡/한효주/김인권/장광/심은경/박지아/신정근/양준모/문창길/성민수,사극,15세,12319542
왕의 남자,이준익,감우성/정진영/강성연/이준기/장항선/유해진/정석용/이승훈,드라마,15세,12302831
해운대,윤제균,설경구/하지원/박중훈/엄정화/이민기/강예원/김인권/송재호/김지영/여호민/성병숙/도용구/노준호/지대한/장명갑/최재섭/천보근/김유정/이시온/윤제리/김유빈/김정문,액션,12세,11453338
변호인,양우석,송강호/김영애/오달수/곽도원/임시완/송영창/정원중/조민기/이항나/이성민/차은재/차광수/한기중/심희섭/조완기,드라마,15세,11372451
어벤져스: 에이지 오브 울트론,조스 웨던,로버트 다우니 주니어/크리스 헴스워스/마크 러팔로/크리스 에반스/스칼렛 요한슨/제레미 레너/돈 치들/애런 존슨/엘리자베스 올슨/폴 베타니/코비 스멀더스/스텔란 스카스가드/제임스 스페이저/사무엘 L. 잭슨,액션,12세,10494499
겨울왕국,크리스 벅/제니퍼 리,크리스틴 벨/이디나 멘젤/조시 게드/조나단 그로프/산티노 폰타나/알란 터딕/시아란 힌즈/크리스 윌리엄스,애니메이션,전체관,10296101
인터스텔라,크리스토퍼 놀란,매튜 맥커너히/앤 해서웨이/마이클 케인/제시카 차스테인/케이시 애플렉/웨스 벤틀리/토퍼 그레이스/매켄지 포이/맷 데이먼/존 리스고/조쉬 스튜어트,SF,12세,10273803
검사외전,이일형,황정민/강동원/이성민/박성웅/김응수/신소율/박종환/한재영/주진모/김원해/전배수/김홍파/김병옥/박지환/이호철/손종학/김종수/민무재,범죄,15세,9500852
관상,한재림,송강호/이정재/백윤식/조정석/이종석/김혜수/김의성/정규수/채상우/이찬영/이도엽/유상재,사극,15세,9134586
아이언맨 3,쉐인 블랙,로버트 다우니 주니어/기네스 팰트로/벤 킹슬리/돈 치들/가이 피어스/레베카 홀/폴 베타니/존 파브로/윌리암 새들러/제임스 뱃지 데일/애쉴리 해밀턴/왕학기/타이 심킨스/데일 딕키/스테파니 스조스택,액션,12세,9001309
설국열차,봉준호,크리스 에반스/송강호/에드 해리스/존 허트/틸다 스윈튼/제이미 벨/고아성/옥타비아 스펜서/이완 브렘너/알리슨 필/루크 파스콸리노/케니 도우티/블라드 이바노브/엠마 레비/토마스 레마크퀴스,SF,15세,8914845
수상한 그녀,황동혁,심은경/나문희/박인환/성동일/이진욱/김현숙/황정민/김슬기/홍석연/정인기/하연주/진영/박혜진/한지은/이상언/김동희,드라마,15세,8656397
해적: 바다로 간 산적,이석훈,김남길/손예진/유해진/이경영/오달수/김태우/박철민/신정근/조희봉/조달환/조희봉/정성화/최진리/이이경/안내상/김경식/이대연,어드벤처,12세,8646758
국가대표,김용화,하정우/성동일/김지석/김동욱/최재환/이재응/이은성/이한위/이혜숙/김지영/현쥬니/황하나,드라마,12세,8487894
디워,심형래,제이슨 베어/아만다 브룩스/크레이그 로빈슨/엘리자베스 페나/로버트 포스터/크리스 멀키/에이미 가르시아/존 알레스/빌리 가델/,액션,12세,8426973
과속스캔들,강형철,차태현/박보영/왕석현/임지규/황우슬혜/임승대/정원중/김기방/박영서,코미디,12세,8245523
웰컴 투 동막골,박광현,정재영/신하균/강혜정/임하룡/서재경/류덕환/정재진/이용이/유승목/조덕현/심원철/강현중/리민/홍예인/권오민/스티브 태슐러,전쟁,12세,8008622
트랜스포머 3,마이클 베이,샤이아 라보프/로지 헌팅턴 휘틀리/조쉬 더하멜/휴고 위빙/패트릭 뎀시/레너드 니모이/타이레스/존 말코비치/켄 정/알란 터딕/존 터투로/톰 케니/프랭크 웰커/피터 쿨렌/프란시스 맥도맨드/줄리 화이트/킴 휘틀리/레스터 스파이트/제임스 아베리/케빈 던/게이코 아지나,액션,12세,7784807
히말라야,이석훈,황정민/정우/조성하/김인권/라미란/김원해/이해영/전배수/정규수/성병숙,드라마,12세,7759240
미션임파서블:고스트프로토콜,브래드 버드,톰 크루즈/제레미 레너/사이먼 페그/폴라 패튼/조쉬 할로웨이/레아 세이두/미카엘 니크비스트/아닐 카푸르/다렌 샤라비/미라이 그르빅/새무리 에델만/빙 라메스/이반 쉬베도프/톰 윌킨슨/미셸 모나한/마이크 도퍼드/타미 후이/키스 달라스/돈 추베이/드미트리 체포벳스키 ,액션,15세,7575899
트랜스포머: 패자의 역습,마이클 베이,샤이아 라보프/메간 폭스/휴고 위빙/조쉬 더하멜/존 터투로/레인 윌슨/이사벨 루카스/아메리카 올리보/줄리 화이트/타이레스/글렌 모슈워/사만다 스미스,SF,12세,7505700
최종병기 활,김한민,박해일/류승룡/김무열/문채원/이한위/김구택/이경영/박기웅/박노식/오타니 료헤이/이승준/이재구,사극,15세,7466976
트랜스포머,마이클 베이,샤이아 라보프/타이레스/조쉬 더하멜/안소니 앤더슨/메간 폭스/레이첼 테일러/존 보이트/존 터투로/줄리 화이트/사만다 스미스/케빈 던/마이클 오닐,SF,12세,7440531
써니,강형철,유호정/심은경/강소라/고수희/김민영/홍진희/박진주/이연경/남보라/김보미/민효린/김시후,드라마,15세,7328820
화려한 휴가,김지훈,김상경/안성기/이요원/이준기/박철민/박원상/송재호/나문희/권태원/엄효섭/박용수/손병호,드라마,12세,7307993
베를린,류승완,하정우/한석규/류승범/전지현/이경영/곽도원/최무성/김서형/배정남/베르너 다엔/존 케오그/너맨 아카,액션,15세,7166199
어벤져스,조스 웨던,로버트 다우니 주니어/스칼렛 요한슨/크리스 헴스워스/크리스 에반스/마크 러팔로/제레미 레너/사무엘 L. 잭슨/톰 히들스턴/클락 그레그/스텔란 스카스가드/기네스 팰트로/폴 베타니,액션,12세,7074867
내부자들,우민호,이병헌/조승우/백윤식/이경영/김홍파/배성우/조재윤/김대명/이엘/정만식/김병옥/김의성,범죄,청소년,7071757
은밀하게 위대하게,장철수,김수현/박기웅/이현우/손현주/박혜숙/고창석/김성균/신정근/장광/홍경인/이채영/최우식,액션,15세,6953800
타짜,최동훈,조승우/김혜수/백윤식/유해진/김응수/김상호/김윤석/주진모/권태원/김경익/이수경/김정난,드라마,18세,6847777
좋은 놈 나쁜 놈 이상한 놈 ,김지운,송강호/이병헌/정우성/윤제문/류승수/송영창/손병호/오달수/이청아,서부극(웨스턴),15세,6686912
늑대소년,조성희,송중기/박보영/장영남/유연석/김향기/이영란/유승목/서동수/우정국/구본임/안도규/남정희,멜로/로맨스,15세,6654837
미녀는 괴로워,김용화,주진모/김아중/성동일/김현숙/임현식/이한위/지서윤/박노식/정성윤/베니/명규,멜로/로맨스,12세,6619498
다크 나이트 라이즈,크리스토퍼 놀란,크리스찬 베일/마이클 케인/게리 올드만/앤 해서웨이/톰 하디/마리옹 꼬띠아르/조셉 고든 레빗/모건 프리먼/리암 니슨/킬리언 머피/매튜 모딘/네스터 카보넬,액션,15세,6396528
아저씨,이정범,원빈/김새론/김태훈/김희원/김성오/이종필/타나용 웡트라쿨/김효서/송영창/황화순/남경읍,액션,청소년,6282774
사도,이준익,송강호/유아인/문근영/전혜진/김해숙/박원상/진지희/박소담/서예지/최덕문/정석용/이대연,사극,12세,6246849
전우치,최동훈,강동원/김윤석/임수정/유해진/송영창/주진모/김상호/선우선/공정환/권태원/이용녀/김기천,액션,12세,6136928
미션 임파서블: 로그네이션,크리스토퍼 맥쿼리,톰 크루즈/제레미 레너/사이먼 페그/알렉 볼드윈/레베카 퍼거슨/빙 라메스/숀 해리스/사이먼 맥버니/장징추/아메리카 올리보/헤르미온느 코필드,액션,15세,6126488
킹스맨 : 시크릿 에이전트,매튜 본,콜린 퍼스/태런 에저튼/사무엘 L. 잭슨/마이클 케인/마크 스트롱/잭 데이븐포트/코리 존슨/소피아 부텔라/벨리버 토픽/리 니콜라스 해리스/마크 해밀/제이미스 버틀러,액션,청소년,6125154
투사부일체,김동원,정준호/김상중/정웅인/정운택/강성필/최윤영/한효주/박용기/임세호/박용식/이기열/전창걸,코미디,15세,6105431
연평해전,김학순,김무열/진구/이현우/김지훈/장준학/주희중/이완/김하균/한성용/김동희/김희찬/이철민,드라마,12세,6043458
인셉션,크리스토퍼 놀란,레오나르도 디카프리오/와타나베 켄/조셉 고든 레빗/마리옹 꼬띠아르/엘렌 페이지/톰 하디/킬리언 머피/톰 베린저/마이클 케인,드라마,12세,5926948
레미제라블,톰 후퍼,휴 잭맨/앤 해서웨이/러셀 크로우/아만다 사이프리드/헬레나 본햄 카터/사챠 바론 코헨/에디 레드메인/사만다 바크스/아론 트베잇/조지 블래그덴/이자벨 알렌/콤 윌킨슨,드라마,12세,5911890
미션 임파서블 3,J.J. 에이브럼스,톰 크루즈/필립 세이모어 호프만/빙 라메스/빌리 크루덥/미셸 모나한/조나단 리스 마이어스/케리 러셀/매기 큐/로렌스 피시번,액션,15세,5740789
가문의 위기(가문의 영광2),정용기,신현준/김원희/김수미/탁재훈/공형진/임형준/정준하/김해곤/정호빈,코미디,15세,5635266
숨바꼭질,허정,손현주/문정희/전미선/김원해/정준원/김수안/김지영/이준혁/노수산나/이영석/리민/성유빈,스릴러,15세,5602543
더 테러 라이브,김병우,하정우/이경영/전혜진/이다윗/김소진/김홍파/김해인/한성천/이청희/강진아/최진호/강신철,범죄,15세,5583596
쥬라기 월드,콜린 트레보로우,크리스 프랫/브라이스 달라스 하워드/빈센트 도노프리오/타이 심킨스/닉 로빈슨/주디 그리어/케이티 맥그라스/제이크 존슨/이르판 칸/B.D. 웡/오마 사이/브라이언 티,액션,12세,5546792
의형제,장훈,송강호/강동원/전국환/박혁권/윤희석/최정우/권범택/정인기/조석현/차엽,드라마,15세,5507106
감시자들,조의석/김병서,설경구/정우성/한효주/김병옥/진경/준호/손민석/변요한/강신하/이동휘/박지훈/이동진,범죄,15세,5496547
2012,롤랜드 에머리히,존 쿠삭/아만다 피트/치웨텔 에지오포/탠디 뉴튼/토마스 맥카시/우디 해럴슨/대니 글로버/친 한/모갠 릴리/존 빌링슬리/조핸 어브,SF,12세,5462953
검은 사제들,장재현,김윤석/강동원/박소담/김의성/손종학/이호재/남일우/김병옥/조수향/박웅/이정열/민진웅,미스터리,15세,5440945
완득이,이한,김윤석/유아인/박수영/이자스민/김상호/김영재/박효주/강별/김동영,드라마,12세,5310510
트랜스포머: 사라진 시대,마이클 베이,마크 월버그/니콜라 펠츠/잭 레이너/스탠리 투치/리빙빙/소피아 마일즈/켈시 그래머/피터 쿨렌/T.J. 밀러/한경/존 굿맨/와타나바 켄,액션,12세,5295801
월드 워 Z,마크 포스터,브래드 피트/미레유 에노스/다니엘라 케르테스/제임스 뱃지 데일/루디 보우큰/매튜 폭스/루스 네가/피터 카팔디/엘예스 가벨/데이빗 모스/스털링 제린스/모리츠 블라이브트로이,드라마,15세,5237525
타워,김지훈,설경구/손예진/김상경/김인권/안성기/송재호/이주실/이한위/권태원/정인기/차인표/전배수,드라마,12세,5181014
말아톤,정윤철,조승우/김미숙/이기영/백성현/안내상,드라마,전체관,5148022
추격자,나홍진,김윤석/하정우/서영희/구본웅/김유정/정인기/박효주/최정우/민경진,범죄,청소년,5071619
쿵푸팬더 2,여인영,잭 블랙/더스틴 호프만/성룡/안젤리나 졸리/세스 로건/루시 리우/데이빗 크로스/제임스 홍/양자경/장 끌로드 반담/빅터 가버/게리 올드만/데니스 헤이스버트,애니메이션,전체관,5062722
인사이드 아웃,피트 닥터,에이미 포엘러/필리스 스미스/민디 캘링/빌 헤이더/루이스 블랙/케이틀린 디아스/카일 맥라클란/다이안 레인/리차드 카인드,애니메이션,전체관,4968687
캐리비안의 해적: 세상의 끝에서,고어 버빈스키,조니 뎁/올랜도 블룸/키이라 나이틀리/스텔란 스카스가드/빌 나이/주윤발/제프리 러쉬/잭 데이븐포트/케빈 맥널리/나오미 해리스/토 홀랜더/조나단 프라이스,액션,12세,4966571
스파이더맨 3,샘 레이미,토비 맥과이어/커스틴 던스트/제임스 프랭코/토마스 헤이든 처치/토퍼 그레이스/브라이스 달라스 하워드/로즈마리 해리스/J.K. 시몬스/제임스 크롬웰/테레사 러셀/딜란 베이커/빌 넌,액션,12세,4935660
바람과 함께 사라지다,김주호,차태현/오지호/민효린/성동일/신정근/고창석/송종호/이채영/천보근/김향기/김길동/김구택,코미디,12세,4897551
마션,리들리 스콧,맷 데이먼/제시카 차스테인/세바스찬 스탠/제프 다니엘스/케이트 마라/크리스틴 위그/마이클 페나/숀 빈/치웨텔 에지오포/엑셀 헨니/베네딕 웡/맥켄지 데이비스,액션,12세,4875494
어메이징 스파이더맨,마크 웹,앤드류 가필드/엠마 스톤/리스 이판/마틴 쉰/샐리 필드/엠베스 데이비츠/크리스 질카/C. 토마스 하우엘/이르판 칸/캐리 콜맨/데니스 리어리/캠벨 스코트,액션,12세,4853123
조선명탐정 : 각시투구꽃의 비밀,김석윤,김명민/오달수/한지민/이재용/우현/예수정/최무성/정인기,코미디,12세,4786259
군도: 민란의 시대,윤종빈,하정우/강동원/이경영/이성민/조진웅/마동석/윤지혜/주진모/송영창/정만식/김병옥/김종구,사극,15세,4774895
범죄와의 전쟁: 나쁜놈들 전성시대,윤종빈,최민식/하정우/조진웅/마동석/곽도원/김성균/김종수/김종구/권태원/김혜은/김영선/송영창,범죄,청소년,4710454
엣지 오브 투모로우,더그 라이만,톰 크루즈/에밀리 블런트/빌 팩스톤/라라 펄버/샬롯 라일리/조나스 암스트롱/브렌단 글리슨/마리안 장 밥티스트/킥 거리/리 아스퀴스 코/토니 웨이/테렌스 메이나드,액션,12세,4697142
신세계,박훈정,이정재/최민식/황정민/박성웅/송지효/김윤성/나광훈/박로사,범죄,청소년,4682492
쿵푸 팬더,마크 오스본/존 스티븐슨,잭 블랙/안젤리나 졸리/더스틴 호프만/성룡/루시 리우/이안 맥쉐인/데이빗 크로스/세스 로건/랜달 덕 김/마이클 클락 던칸/댄 포글러/제임스 홍,애니메이션,전체관,4673009
도가니,황동혁,공유/정유미/김현수/정인서/백승환/장광/김민상/임현성/김주령/엄효섭/전국환/최진호/김지영/박혜진/김지영/엄지성/장유/남명렬,드라마,청소년,4662822
캐리비안의 해적 : 망자의 함,고어 버빈스키,조니 뎁/올랜도 블룸/키이라 나이틀리/빌 나이/스텔란 스카스가드/잭 데이븐포트/케빈 맥널리/나오미 해리스,액션,12세,4628903
박물관이 살아있다!,숀 레비,벤 스틸러/칼라 구기노/딕 반 다이크/미키 루니/빌 콥스/제이크 체리/릭키 제바이스/로빈 윌리엄스,코미디,전체관,4612831
내 아내의 모든 것,민규동,임수정/이선균/류승룡/이광수/이도아/김보궁/염해란/이새로미/이진희/김선하,코미디,15세,4598583
터미네이터 : 미래전쟁의 시작,맥지,크리스찬 베일/샘 워싱턴/안톤 옐친/문 블러드굿/브라이스 달라스 하워드/커먼/제인 알렉산더,SF,15세,4568891
맘마미아!,필리다 로이드,메릴 스트립/피어스 브로스넌/콜린 퍼스/스텔란 스카스가드/줄리 월터스/도미닉 쿠퍼/아만다 사이프리드/크리스틴 바란스키/후안 파블로 디 파체/조지 게우기우/엔조 스퀼리노 주니어/크리스 자비스/애슐리 릴레이/클레어 쿠이즈 코놀리/레이첼 맥도웰/미아 소테리우,멜로/로맨스,12세,4554785
연가시,박정우,김명민/문정희/김동완/이하늬/엄지성/염현서/강신일/조덕현/전국환/최정우/이형철/정인기/송영창/김세동/조한철/민경진,공포(호러),15세,4513026
아이언맨 2,존 파브로,로버트 다우니 주니어/기네스 팰트로/돈 치들/스칼렛 요한슨/미키 루크/샘 록웰/사무엘 L. 잭슨/클락 그레그,SF,12세,4498335
해리포터와 죽음의 성물2,데이빗 예이츠,다니엘 래드클리프/엠마 왓슨/루퍼트 그린트/보니 라이트/랄프 파인즈/톰 펠튼/헬레나 본햄 카터/앨런 릭먼/빌 나이/게리 올드만/제이슨 아이삭스마이클 갬본/이반나 린치,판타지,전체관,4400298
아이언맨,존 파브로,로버트 다우니 주니어/테렌스 하워드/제프 브리지스/기네스 팰트로/레슬리 빕/샤운 토웁/페런 테이어/세이드 바드레야/빌 스미트로비치/클락 그레그/팀 귀니,SF,12세,4316003
엑스맨: 데이즈 오브 퓨처 패스트,브라이언 싱어,휴 잭맨/제임스 맥어보이/마이클 패스벤더/제니퍼 로렌스/할리 베리/엘렌 페이지/이안 맥켈런/패트릭 스튜어트/니콜라스 홀트/피터 딘클리지/숀 애쉬모어/부부 스튜어트/오마 사이/루카스 틸/다니엘 커드모어/케일럽 랜드리 존스/판빙빙/에반 피터스,액션,12세,4313871
강철중: 공공의 적 1-1,강우석,설경구/정재영/강신일/문성근/이문식/유해진/정원중/김남길/연제욱,드라마,15세,4300670
킹콩,피터 잭슨,나오미 왓츠/잭 블랙/애드리언 브로디/앤디 서키스/제이미 벨/카일 챈들러/로보찬/토마스 크레취만,드라마,15세,4232430
어메이징 스파이더맨 2,마크 웹,앤드류 가필드/엠마 스톤/제이미 폭스/데인 드한/콜므 포어/펠리시티 존스/폴 지아마티/샐리 필드/엠베스 데이비츠/캠벨 스코트/마튼 초카스/크리스 쿠퍼/브라이언 헤일리/비제이 노박,액션,12세,4168350
인디아나 존스 4 : 크리스탈 해골의 왕국,스티븐 스필버그,해리슨 포드/케이트 블란쳇/카렌 알렌/샤이아 라보프/레이 윈스턴/존 허트/짐 브로드벤트/오고어 지지카인/디미트리 디아첸코/일리아 볼로크/엠마누엘 토도로브/파벨 린치니코프,액션,12세,4136101
용의자,원신연,공유/박희순/조성하/유다인/김성균/조재윤/박지일/김민재,액션,15세,4131248
건축학개론,이용주,엄태웅/한가인/이제훈/수지/조정석/유연석/김동주/이승호/김의성/박수영/조현철,멜로/로맨스,12세,4110645
태풍,곽경택,장동건/이정재/이미연/김갑수/데이비드 맥기니스/차트하퐁 판타나운쿨/허욱/선호진/강신성일/박찬영/김란흔/민지환,드라마,15세,4094395
미이라 3:황제의 무덤,롭 코헨,브렌든 프레이저/이연걸/마리아 벨로/존 한나/양자경/루크 포드/이사벨라 롱/황추생/러셀 왕/리암 커닝햄/데이빗 칼더/멍광메이/량톈/앨버트 관,액션,12세,4090795
7급 공무원,신태라,김하늘/강지환/류승룡/장영남/강신일,코미디,12세,4088799
다크 나이트,크리스토퍼 놀란,크리스찬 베일/히스 레저/아론 에크하트/마이클 케인/매기 질렌할/게리 올드만/모건 프리먼/모니크 커넨/론 딘/킬리언 머피/친 한/네스터 카보넬/에릭 로버츠/리치 코스터/안소니 마이클 홀,범죄,15세,4087355
댄싱퀸,이석훈,황정민/엄정화/이한위/정성화/라미란/이대연/정규수/서동원,코미디,12세,4057546
우리 생애 최고의 순간,임순례,문소리/김정은/엄태웅/김지영/조은지/민지/남궁/이미도/조영진/이봉규/정석용/하정우/최욱/정세형/김강민/김종언,드라마,전체관,4044582
혹성탈출: 반격의 서막,맷 리브스,앤디 서키스/게리 올드만/제이슨 클락/주디 그리어/케리 러셀/토비 켑벨/커크 에이스베도/코디 스밋 맥피/카린 코노발/테리 노터리/닛 써스턴/존 아이즈/엔리크 머시아노/라라미 덕 쇼/리 로스,액션,12세,4002134
타짜-신의 손,강형철,최승현/신세경/곽도원/이하늬/유해진/김윤석/이경영/김인권/오정세/고수희/박효주/고준/이동휘/김원해/이준혁/김민상/조경현/손상경/박수영/임정은/정윤석,드라마,청소년,4001813
쿵푸팬더3,여인영/알레산드로 칼로니,잭 블랙/안젤리나 졸리/더스틴 호프만/성룡/,애니메이션,전체관,3970327
캡틴 아메리카: 윈터 솔져,조 루소/안소니 루소,크리스 에반스/스칼렛 요한슨/사무엘 L. 잭슨/세바스찬 스탠/코비 스멀더스/안소니 마키/로버트 레드포드/헤일리 앳웰/에밀리 반캠프/프랭크 그릴로/토비 존스,액션,15세,3963220
공공의 적 2,강우석,설경구/정준호/강신일/박근형/변희봉/임승대/박상욱/엄태웅/정규수,드라마,15세,3911356
박수건달,조진규,박신양/김정태/엄지원/정혜영/김성균/최일화/최지호/김형범,코미디,15세,3893216
한반도,강우석,조재현/차인표/안성기/문성근/강신일/김상중/강수연/독고영재,드라마,15세,3880308
조선명탐정 : 사라진 놉의 딸,김석윤,김명민/오달수/이연희/조관우/정원중/이채은/황채원/황정민,사극,12세,3872015
역린,이재규,현빈/정재영/조정석/조재현/한지민/김성령/박성웅/정은채/송영창/이도경/서이숙/김민재/김대명/김주완/유은미/성유빈/천보근/구승현/이재희/전국향/문지현/김창회,사극,15세,3849433
매드 맥스: 분노의 도로,조지 밀러,톰 하디/샤를리즈 테론/니콜라스 홀트/휴 키스-번/조 크라비츠/로지 헌팅턴 휘틀리/라일리 코프/메간 게일/애비 리/코트니 이튼/조쉬 헬먼/네이던 존스/앵거스 샘슨/리처드 카터/멜리사 제퍼/리차드 노튼,액션,15세,3842441
쌍화점,유하,조인성/주진모/송지효/심지호/임주환/여욱환/송중기,드라마,청소년,3779553
신기전,김유진,정재영/한은정/허준호/안성기/정성모/김명수/이도경/인교진/류현경/서주성/조원희/오순태/신정근,사극,15세,3726134
친절한 금자씨,박찬욱,이영애/최민식/권예영/김시후/남일우/김병옥/오달수/이승신/김부선/라미란,스릴러,18세,3650000
해리포터와 불의 잔,마이크 뉴웰,다니엘 래드클리프/엠마 왓슨/루퍼트 그린트/케이티 렁/프레드랙 베랙/로비 콜트레인/랄프 파인즈/톰 펠튼/마이클 갬본/브렌단 글리슨/로버트 하디/제이슨 아이삭스/게리 올드만/로버트 패틴슨,판타지,전체관,3615000
인턴,낸시 마이어스,앤 해서웨이/로버트 드 니로/르네 루소/냇 울프/아담 드바인/앤드류 라넬스,코미디,12세,3610642
리얼 스틸,숀 레비,휴 잭맨/에반젤린 릴리/다코타 고요/케빈 두런드/홉 데이비스/제임스 레브혼/칼 윤/앤트워넷 닉프레라이/필 라마/안소니 마키,액션,12세,3579666
신의 한 수,조범구,정우성/이범수/안성기/김인권/이시영/안길강/이도경/최진혁/정해균/안서현/김명수/황춘하/이일섭/김세동,범죄,청소년,3562123
미스터 & 미세스 스미스,더그 라이만,브래드 피트/안젤리나 졸리/아담 브로디/케리 워싱턴,멜로/로맨스,15세,3546900
해리 포터와 불사조 기사단,데이빗 예이츠,다니엘 래드클리프/엠마 왓슨/루퍼트 그린트/제이슨 아이삭스/이반나 린치/이멜다 스턴톤/랄프 파인즈/헬레나 본햄 카터/아프샨 아재드/톰 펠튼/게리 올드만/나탈리아 테나/보니 라이트/조지 해리스/캐스린 헌터,판타지,전체관,3475000
가문의 부활 - 가문의 영광3,정용기,신현준/탁재훈/김원희/김수미/공형진/신이/임형준/정준하,코미디,15세,3464516
부러진 화살,정지영,안성기/박원상/나영희/김지호/문성근/이경영/김웅수/진경,드라마,15세,3450941
끝까지 간다,김성훈,이선균/조진웅/신정근/정만식/신동미/김동영/주석태/허정은/박보검/이재원,액션,15세,3450143
아일랜드,마이클 베이,이완 맥그리거/스칼렛 요한슨/디몬 하운수/숀 빈/마이클 클락 던칸/스티브 부세미,SF,12세,3433900
비긴 어게인,존 카니,키이라 나이틀리/마크 러팔로/애덤 리바인/헤일리 스테인펠드/제임스 코든/캐서린 키너/씨 로 그린/아야 캐쉬/모스 데프/매디 코먼,멜로/로맨스,15세,3427464
스파이,이승준,설경구/문소리/다니엘 헤니/고창석/한예리/정인기/라미란/송재호/김지영,액션,15세,3423920
이끼,강우석,정재영/박해일/유준상/유선/허준호/유해진/김상호/김태한,드라마,청소년,3408144
포화속으로,이재한,차승원/권상우/T.O.P/김승우/김혜성/구성환/신현탁/문재원,드라마,12세,3385706
다이 하드 4 : 죽어도 산다,렌 와이즈먼,브루스 윌리스/저스틴 롱/티모시 올리펀트/클리프 커티스/매기 큐/메리 엘리자베스 윈스티드/케빈 스미스,액션,12세,3380800
맨 인 블랙 3,배리 소넨필드,윌 스미스/토미 리 존스/조슈 브롤린/저메인 클레멘트/엠마 톰슨/앨리스 이브/마이크 콜터/빌 헤이더/립 톤/니콜 셰르징거/마이클 스털버스/유리 로웬탈/케빈 코베이스,액션,12세,3379762
어바웃 타임,리차드 커티스,도널 글리슨/레이첼 맥아담스/빌 나이/린제이 던칸/톰 홀랜더/마고 로비/리디아 윌슨/톰 휴즈,멜로/로맨스,15세,3375735
다빈치 코드,론 하워드,톰 행크스/오드리 토투/이안 맥켈런/알프리드 몰리나/주겐 프로크노/장 르노/폴 베타니,미스터리,15세,3339082
스타워즈: 깨어난 포스,J.J. 에이브럼스,데이지 리들리/존 보예가/오스카 아이삭/아담 드라이버/도널 글리슨/해리슨 포드,액션,12세,3273798
분노의 질주: 더 세븐,제임스 완,빈 디젤/폴 워커/드웨인 존슨/제이슨 스타뎀/미셸 로드리게즈/조다나 브류스터/루카스 블랙/커트 러셀/타이레스/디몬 하운수/루다크리스/토니 자/나칼리 엠마뉴엘/론나 로우지/엘사 파타키,액션,15세,3247558
터미네이터 제니시스,앨런 테일러,아놀드 슈왈제네거/제이슨 클락/에밀리아 클라크/제이 코트니/J.K. 시몬스/다요 오케니이/맷 스미스/코트니 B. 반스/이병헌/아론 V. 윌리엄슨/샌드린 홀트/마이클 글래디스 ,액션,15세,3239371
그래비티,알폰소 쿠아론,산드라 블록/조지 클루니/에드 해리스/에릭 미쉘즈/바셔 세비지/오르토 이그낱티우센,SF,12세,3227452
우주전쟁,스티븐 스필버그,톰 크루즈/저스틴 채트윈/다코타 패닝/팀 로빈스/미란다 오토/데이비드 앨런 바스체,드라마,12세,3223000
그놈 목소리,박진표,설경구/김남주/김영철/강동원/송영창/고수희/김광규/이형철/전헤진/임종윤/김영필/김기성,드라마,12세,3143247
우리들의 행복한 시간,송해성,강동원/이나영/윤여정/강신일/정영숙/김지영/장현성,드라마,15세,3132320
캐리비안의 해적: 낯선 조류,롭 마샬,조니 뎁/제프리 러쉬/페넬로페 크루즈/이안 맥쉐인/로저 알람/주디 덴치/젬마 워드/리차드 그리피스/스티븐 그레이엄/샘 클라플린/아스트리드 베흐제 프리스베/키스 리차드,액션,12세,3130046
퀵,조범구,이민기/강예원/김인권/고창석/주진모/김병철/김은옥/윤제문/유승목/마동석/송재호/전국환/오정세,코미디,15세,3125069
감기,김성수,장혁/수애/박민하/유해진/이희준/김기현/이상엽/박효주/박정민/보리스 스타웃/김문수/최병모/장경업/앤드류 윌리엄 브랜드,드라마,15세,3119023
마파도,추창민,이정진/이문식/여운계/김수미/김을동/김형자/길해연/오달수/서영희,코미디,15세,3090467
하모니,강대규,김윤진/나문희/강예원/이다희/장영남/박준면/정수영/이태경,드라마,12세,3068544
거북이 달린다,이연우,김윤석/정경호/견미리/선우선/김지나/신정근/최권/차은재,드라마,15세,3059812
너는 내 운명,박진표,전도연/황정민/나문희/정유석/서주희/윤제문/임종윤/김상호/고수희/김부선/김광규,멜로/로맨스,18세,3051134
스물,이병헌,김우빈/준호/강하늘/정소민/이유비/민효린/정주연,코미디,15세,3044134
토르: 다크 월드,앨런 테일러,크리스 헴스워스/나탈리 포트만/톰 히들스턴/안소니 홉킨스/크리스토퍼 에클리스턴/이드리스 엘바,액션,12세,3039889
식객,전윤수,김강우/임원희/이하나/정은표/김상호/정진/정진/김진태/공호석/박진영/안길강/이주실,드라마,12세,3038868
방자전,김대우,김주혁/류승범/조여정/류현경/오달수/송새벽/오정세/공형진,사극,청소년,3035116
마더,봉준호,김혜자/원빈/진구/윤제문/전미선/송새벽/이영석/문희라,드라마,청소년,3013523
레드: 더 레전드,딘 패리소트,브루스 윌리스/이병헌/캐서린 제타 존스/안소니 홉킨스/존 말코비치/헬렌 미렌/메리 루이스 파커,액션,15세,3004647
해리 포터와 혼혈 왕자,데이빗 예이츠,다니엘 래드클리프/엠마 왓슨/루퍼트 그린트/톰 펠튼/마이클 갬본/로비 콜트레인/보니 라이트,어드벤처,전체관,3002669
오싹한 연애,황인호,손예진/이민기/박철민/김현숙/이미도/신성훈/윤지민/황승언,공포(호러),12세,3001530
드래곤 길들이기 2,딘 데블로이스,제이 바루첼/제라드 버틀러/아메리카 페레라/케이트 블란쳇/크리스틴 위그/조나 힐/크리스토퍼 민츠 프래지/T.J. 밀러/키트 해링턴/크레이그 퍼거슨/디몬 하운수/키에론 앨리어트/필립 맥그레이드/앤드류 엡리슨/기드온 에머리/사이몬 카시아니디스/랜디 돔,애니메이션,전체관,3000056
황금 나침반,크리스 웨이츠,다니엘 크레이그/니콜 키드먼/에바 그린/다코타 블루 리차드/벨 월커/이안 맥켈런/짐 카터/톰 커트니/찰리 로우/클레어 히긴스/스티븐 로턴/샘 엘리어트/사이먼 맥버니,판타지,전체관,2979838
친구 2,곽경택,유오성/주진모/김우빈/장영남/정호빈/기주봉/이철민/이준혁/황성준/장지건/선호진/정수교/배성종/강한나/이상훈/원웅재/신준범/지승현/박성현/윤진하/박아인/조민준,액션,청소년,2971475
26년,조근현,진구/한혜진/임슬옹/배수빈/이경영/장광/이미도/조덕제,액션,15세,2963449
고지전,장훈,신하균/고수/이제훈/류승수/고창석/이다윗/류승룡/김옥빈/조진웅/정인기/박영서,드라마,15세,2945137
300,잭 스나이더,제라드 버틀러/레나 헤디/데이비드 웬햄/도미닉 웨스트/빈센트 레건/마이클 패스벤더/톰 위즈덤/앤드류 프레빈/앤드류 티어난/호드리고 산토로/피터 멘사/스티븐 맥허티/지오바니 치미노,액션,청소년,2929400
솔트,필립 노이스,안젤리나 졸리/리브 슈라이버/치웨텔 에지오프/다니엘 올브리츠키/오거스트 딜/다니엘 피어스/헌트 블락/안드레 브라우퍼,스릴러,15세,2921331
헬로우 고스트,김영탁,차태현/강예원/이문수/고창석/장영남/천보근/공호석/정규수,코미디,12세,2897477
원티드,티무르 베크맘베토브,제임스 맥어보이/모건 프리먼/안젤리나 졸리/테렌스 스탬프/포마스 크레취만/커먼/크리스튼 헤거/마크 워렌/데이비드 오하라/콘스탄틴 카벤스키/다코 박타드제/크리스 프랫/로나 스콧,스릴러,청소년,2867594
극비수사,곽경택,김윤석/유해진/송영창/이정은/장영남/장명갑/정호빈/진선미/이윤희/남문철/이준혁/윤진하/조민준/이호철,드라마,15세,2860786
슈렉3,크리스 밀러/라맨 허,마이클 마이어스/에디 머피/카메론 디아즈/안토니오 반데라스/줄리 앤드류스/존 클리즈/루퍼트 에버릿/에릭 아이들/저스틴 팀버레이크/수잔 블레이크슬리,애니메이션,전체관,2844159
표적,창,류승룡/유준상/이진욱/김성령/조여정/조은지/김대명/장준녕/염지영/이현욱,액션,15세,2841788
앤트맨,페이튼 리드,폴 러드/마이클 더글라스/에반젤린 릴리/코리 스톨/바비 카나베일/안소니 마키/주디 그리어/애비 라이더 포트슨/마이클 페나/데이빗 다스트말치안,액션,12세,2839921
호빗: 다섯 군대 전투,피터 잭슨,마틴 프리먼/이안 맥켈런/리처드 아미티지/케이트 블란쳇/올랜도 블룸/크리스토퍼 리/휴고 위빙/에반젤린 릴리/루크 에반스/베네딕트 컴버배치,어드벤처,12세,2836774
호빗: 뜻밖의 여정,피터 잭슨,이안 맥켈런/마틴 프리먼/리처드 아미티지/제임스 네스빗/켄 스탓/실베스터 맥코이/배리 험프리즈/케이트 블란쳇/이안 홈/크리스토퍼 리,어드벤처,12세,2818993
메이즈 러너,웨스 볼,딜런 오브라이언/카야 스코델라리오/윌 폴터/토마스 생스터/이기홍/에멜 아민/패트리시아 클락슨/제이콥 라티모어/조 애들러/블레이크 쿠퍼,액션,12세,2812427
해리 포터와 죽음의 성물1,데이빗 예이츠,다니엘 래드클리프/엠마 왓슨/루퍼트 그린트/빌 나이/리차드 그리피스/해리 멜링/줄리 월터스/보니 라이트/이안 켈리/미셸 페어리,미스터리,전체관,2809053
빅 히어로,돈 홀/크리스 윌리암스,다니엘 헤니/라이언 포터/스콧 애짓/제이미 정/T.J. 밀러/제네시스 로드리게스/데이몬 웨이언스 주니어/마야 루돌프/알란 터딕/제임스 크롬웰,애니메이션,전체관,2801949
혹성탈출: 진화의 시작,루퍼트 와이어트,제임스 프랭코/프리다 핀토/앤디 서키스/브라이언 콕스/톰 펠튼/존 리스고/데이빗 휴렛/타일러 라빈/소냐 베넷/첼라 호스달,액션,12세,2773794
부당거래,류승완,황정민/류승범/유해진/천호진/마동석/우정국/조영진/정만식/이성민/김수현,범죄,청소년,2766436
데드풀,팀 밀러,라이언 레이놀즈/모레나 바카린/에드 스크레인/지나 카라노/T.J. 밀러/브리아나 힐데브란드/스테판 카피식/카란 소니/테일러 힉슨/우슬리 우감스,액션,청소년,2757705
1번가의 기적,윤제균,임창정/하지원/주현/정두홍/이훈/강예원/박창익/박유선/고태호,드라마,15세,2750457
메이즈 러너: 스코치 트라이얼,웨스 볼,딜런 오브라이언/토마스 생스터/카야 스코델라리오/이기홍/지안카를로 에스포지토/나탈리 엠마뉴엘/캐서린 맥나마라/에이단 길렌/릴리 테일러/패트리시아 클락슨,액션,12세,2744413
시라노; 연애조작단,김현석,엄태웅/이민정/최다니엘/박신혜/박철민/전역산/송새벽/류현경/이미도/이미소,멜로/로맨스,12세,2731828
핸콕,피터 버그,윌 스미스/샤를리즈 테론/제이슨 베이트먼/에디 마산/자니 갈렉키/토마스 레논,액션,12세,2723518
내가 살인범이다,정병길,정재영/박시후/정해균/김영애/최원영/김종구/조은지/오용/박웅/장미자,액션,청소년,2721903
나우 유 씨 미 : 마술사기단,루이스 리테리어,제시 아이젠버그/마크 러팔로/우디 해럴슨/멜라니 로랑/아일라 피셔/데이브 프랭코/마이클 케인/모건 프리먼/라라 그리스,범죄,12세,2718227
적벽대전 2 : 최후의 결전,오우삼,양조위/금성무/장풍의/장첸/자오웨이/후준/나카무라시도/린즈링/우용/허우용,액션,15세,2713031
지.아이.조 : 전쟁의 서막,스티븐 소머즈,채닝 테이텀/데니스 퀘이드/이병헌/조셉 고든 레빗/시에나 밀러/레이첼 니콜스/크리스토퍼 에클리스턴/레이 파크/아데웰 아킨누오예 아바제/아놀드 보슬로,액션,15세,2706748
타이탄,루이스 리테리어,샘 워싱턴/리암 니슨/랄프 파인즈/알렉사 다바로스/젬마 아터튼/니콜라스 홀트/대니 휴스턴/이자벨라 미코/제이슨 플레밍/폴리 워커,액션,12세,2685508
소원,이준익,설경구/엄지원/이레/김해숙/김상호/라미란/양진성/김도엽/강성해/권태원,드라마,12세,2663170
브레이킹 던 part2,빌 콘돈,크리스틴 스튜어트/로버트 패틴슨/테일러 로트너/다코타 패닝/애슐리 그린/매기 그레이스/마이클 쉰/니키 리드/안나 켄드릭/잭슨 라스본,드라마,15세,2654817
탐정 : 더 비기닝,김정훈,권상우/성동일/서영희/박해준/이승준/윤경호/조복래/이해영/박성일/최성원,코미디,15세,2625686
미니언즈,피에르 꼬팽/카일 발다,피에르 꼬팽/마이클 키튼/산드라 블록/앨리슨 제니/존 햄/케이티 믹슨/스티브 쿠건/사나다 히로유키/제니퍼 손더스/제프리 러쉬,애니메이션,전체관,2625572
후궁 : 제왕의 첩,김대승,조여정/김동욱/김민준/박지영/조은지/이경영/박철민/안석환/조기왕/오지혜,사극,청소년,2621436
드래곤 길들이기,딘 데블로이스,제이 바루첼/제라드 버틀러/아메리카 페레라/크레이그 퍼거슨/조나 힐/크리스토퍼 민츠 프래지/T.J. 밀러/크리스틴 위그/로빈 앳킨 다운즈/필립 맥그레이드,애니메이션,전체관,2603857
위험한 상견례,김진영,송새벽/이시영/백윤식/김수미/김응수/박철민/김정난/정성화/박효주/김도연,코미디,12세,2595625
굿모닝 프레지던트,장진,이순재/장동건/고두심/임하룡/한채영/이문수/주진모/김광현/전양자/정규수,코미디,전체관,2583294
음란서생,김대우,한석규/이범수/김민정/오달수/김뢰하/안내상/김기현/우현/김병옥/전수환,사극,18세,2576022
기술자들,김홍선,김우빈/김영철/고창석/이현우/조윤희/임주환/조달환/신승환/신구/지승헌,범죄,15세,2564340
퍼시픽 림,길예르모 델 토로,찰리 허냄/론 펄먼/이드리스 엘바/찰리 데이/키쿠치 린코/맥스 마티니/클리프톤 콜린스 주니어/로버트 메일렛/디에고 클래튼호프/번 고먼,액션,12세,2539114
내 생애 가장 아름다운 일주일,민규동,주현/오미희/천호진/진태현/엄정화/황정민/김수로/전혜진/임창정/서영희,멜로/로맨스,15세,2533103
엑스맨: 퍼스트 클래스,매튜 본,제임스 맥어보이/마이클 패스벤더/케빈 베이컨/제니퍼 로렌스/재뉴어리 존스/로즈 번/베스 고다드/모갠 릴리/올리버 플랫/로렌스 벨처,액션,12세,2532306
나니아 연대기-사자 마녀 그리고 옷장,앤드류 아담슨,조지 헨리/윌리암 모즐리/스캔다 케인즈/안나 팝플웰/틸다 스윈튼/리암 니슨/소피 윈클만/제임스 맥어보이/키런 샤/제임스 코스모,가족,전체관,2505133
박수칠 때 떠나라,장진,차승원/신하균/신구/정동환/김진태/공호석/정규수/이한위/이용이/류승룡,드라마,15세,2475291
반창꼬,정기훈,고수/한효주/마동석/김성오/현쥬니/진서연/윤세용,멜로/로맨스,15세,2471721
화차,변영주,이선균/김민희/조성하/송하윤/최덕문/이희준/김민재/박해준,미스터리,15세,2435211
이웃사람,김휘,김윤진/마동석/천호진/김성균/김새론/임하룡/장영남/도지한/김기천/장유,스릴러,청소년,2434099
광식이 동생 광태,김현석,김주혁/봉태규/이요원/김아중/정경호/김형민/김효주,코미디,15세,2430200
의뢰인,손영성,하정우/박희순/장혁/성동일/김성령/정원중/유다인/박혁권/주진모/예수정,스릴러,15세,2393086
화이: 괴물을 삼킨 아이,장준환,김윤석/여진구/조진웅/장현성/김성균/박해준/남지현/유연석/우정국/임지은,액션,청소년,2391963
테이큰,피에르 모렐,리암 니슨/매기 그레이스/릴랜드 오서/존 그리스/데이빗 워쇼프스키/홀리 밸런스/케이티 캐시디/잰더 버클리/올리비에 라보르딘/제라르 왓킨스,범죄,청소년,2379830
007 스카이폴,샘 멘데스,다니엘 크레이그/하비에르 바르뎀/주디 덴치/랄프 파인즈/나오미 해리스/베레니스 말로에/벤 위쇼/알버트 피니/마이클 G. 윌슨/토니아 스티로폴로,액션,15세,2376145
가문의 영광4 - 가문의 수난,정태원,김수미/신현준/탁재훈/임형준/정준하/현영/정웅인/김지우/정만식/이재훈,코미디,15세,2363955
블라인드,안상훈,김하늘/유승호/조희봉/양영조/김미경/박충선/박보검/달이/짱/김종권,스릴러,청소년,2362906
맨발의 기봉이,권수경,신현준/김수미/임하룡/탁재훈/김효진/지대한/조덕현/금동현/유민석/강수영,드라마,전체관,2347311
작업의 정석,오기환,손예진/송일국/현영/노주현/윤동탁/안선영/박준규/김애경/우현/정정아,코미디,15세,2342232
미인도,전윤수,김규리/김영호/김남길/추자현/한명구/박지일/권병길/최규환/여호민/황찬우,사극,청소년,2325715
라스트 갓파더,심형래,심형래/하비 케이틀/마이클 리스폴리/제이슨 미웨스/조셀린 도나휴/블레이크 클락/존 폴리토/캘빈 딘/폴 힙/잭 켈러,코미디,12세,2316099
스파이,폴 페이그,주드 로/제이슨 스타뎀/멜리사 맥카시/로즈 번/앨리슨 제니/피터 세라피노윅/모레나 바카린/바비 카나베일/50 센트/미란다 하트,액션,15세,2315882
테이큰 2,올리비에 메가턴,리암 니슨/매기 그레이스/팜케 얀센/라드 세르베드지야/루크 그림즈/릴랜드 오서/루에넬/커보크 말리키안/라이언 버처/존 그리스,액션,청소년,2308596
하녀,임상수,전도연/이정재/윤여정/박지영/안서현/서우/문소리/김진아,스릴러,청소년,2304487
달콤 살벌한 연인,손재곤,박용우/최강희/조은지/정경호/이희도/조영규/선우선,스릴러,18세,2286745
호빗: 스마우그의 폐허,피터 잭슨,마틴 프리먼/이안 맥켈런/리처드 아미티지/케이트 블란쳇/올랜도 블룸/크리스토퍼 리/앤디 서키스/휴고 위빙/베네딕트 컴버배치/루크 에반스,어드벤처,12세,2282744
나잇&데이,제임스 맨골드,톰 크루즈/카메론 디아즈/피터 사스가드/조디 몰라/비올라 데이비스/폴 다노/폴크 헨쉘/마크 블루카스/레니 로프틴/매기 그레이스,액션,15세,2282191
혈의 누,김대승,차승원/박용우/지성/윤세아/최종원/박철민/유해진/정규수/박충선/최동준/임종윤,스릴러,18세,2274995
컨저링,제임스 완,베라 파미가/패트릭 윌슨/릴리 테일러/론 리빙스턴/조이 킹/매켄지 포이/헤일리 맥파랜드/샌리 카즈웰/존 브라더튼/스티브 콜터,공포(호러),15세,2262758
슈렉 포에버,마이크 미첼,마이크 마이어스/카메론 디아즈/에디 머피/안토니오 반데라스/줄리 앤드류스/존 햄/존 클리즈/크레이그 로빈슨,애니메이션,전체관,2261356
극락도 살인사건,김한민,박해일/박솔미/성지루/최주봉/김인문/박원상/안내상/유혜정/박길수/김병춘,공포(호러),15세,2259511
이글 아이,D.J. 카루소,샤이아 라보프/미셸 모나한/로사리오 도슨/마이클 치클리스/안소니 마키/에단 엠브리/빌리 밥 손튼/안소니 아지지/캐머런 보이스,액션,12세,2258369
배틀쉽,피터 버그,테일러 키취/리암 니슨/리아나/브룩클린 데커/알렉산더 스카스가드/제시 플레먼스/해미쉬 링클레이터/아사노 타다노부/조쉬 펜스/피터 맥니콜,SF,12세,2241687
셜록홈즈 : 그림자 게임,가이 리치,로버트 다우니 주니어/주드 로/누미 라파스/자레드 해리스/레이첼 맥아담스/스티븐 프라이/켈리 라일리/에디 마산/제라르딘 제임스/질 를르슈,액션,15세,2239156
박쥐,박찬욱,송강호/김옥빈/김해숙/신하균/박인환/송영창/오달수,공포(호러),청소년,2237271
7광구,김지훈,하지원/안성기/오지호/박철민/송새벽/박정학/이한위/박영수/차예련/오민석,SF,15세,2232179
어거스트 러쉬,커스틴 쉐리단,프레디 하이모어/조나단 리스 마이어스/케리 러셀/로빈 윌리엄스/리온 G. 토마스 3세/테렌스 하워드/제미아 시몬 내쉬/윌리암 새들러/알렉스 오로린/아론 스테이턴,드라마,전체관,2218573
나는 전설이다,프란시스 로렌스,윌 스미스/앨리스 브라가/찰리 타핸/샐리 리차드슨/월로우 스미스,SF,12세,2215883
포세이돈,볼프강 페터젠,조쉬 루카스/커트 러셀/리차드 드레이퓨즈/에미 로섬/재신다 바렛/마이크 보겔/미아 마에스트로/케빈 딜런/프레디 로드리게스/지미 베넷,액션,12세,2214600
셜록 홈즈,가이 리치,로버트 다우니 주니어/주드 로/레이첼 맥아담스/마크 스트롱/켈리 라일리/에디 마산/한스 매디슨/윌리엄 홉/브로나 갈라퍼,미스터리,12세,2207751
007 퀀텀 오브 솔러스,마크 포스터,다니엘 크레이그/올가 쿠릴렌코/마티유 아말릭/주디 덴치/지안카를로 지아니니/젬마 아터튼/제프리 라이트/데이빗 하버/제스퍼 크리스텐슨/애나콜 토브맨,액션,15세,2201300
마당을 나온 암탉,오성윤,문소리/유승호/최민식/박철민/김상현/전숙경/엄상현/시성웅/한신정/김지혜,애니메이션,전체관,2199048
댄서의 순정,박영훈,문근영/박건형/박원상/윤찬/김기수/정유미/이대연/김지영,드라마,12세,2197555
악의 연대기,백운학,이민호/김해원/정진영/설현/유승목/한재영/이연두/정호빈/최진호/엄효섭,스릴러,15세,2192243
강남 1970,유하,이민호/김래원/정진영/설현/유승목/한재영/이연두/정호빈,액션,청소년,2192172
바르게 살자,라희찬,정재영/손병호/이영은/고창석/이철민/주진모/이한위/유민석/조덕현/공호석,코미디,15세,2190250
이상한 나라의 앨리스,팀 버튼,조니 뎁/앤 해서웨이/헬레나 본햄 카터/크리스핀 글로버/미아 와시코브스카/맷 루카스/프란세스 드 라 투어/린제이 던칸/제라르딘 제임스/팀 피곳 스미스,판타지,전체관,2182365
맨 오브 스틸,잭 스나이더,헨리 카빌/에이미 아담스/러셀 크로우/케빈 코스트너/다이안 레인/마이클 섀넌/안체 트라우/아예렛 주러/로렌스 피시번/크리스토퍼 멜로니,SF,12세,2182227
황해,나홍진,김윤석/하정우/조성하/이철민/강민규/곽도원/임예원/탁성은/이엘/정만식/정민성,스릴러,청소년,2167426
초능력자,김민석,강동원/고수/김수남/정은채/윤다경/최덕문/아부다드/에네스 카야/양경모,SF,15세,2164805
내 사랑 내 곁에,박진표,하지원/김명민/남능미/임하룡/최종률/신신애/임종윤/임형준/임성민/가인,드라마,12세,2160265
마이 웨이,강제규,장동건/오다기리 죠/판빙빙/김인권/김희원/오태경/곽정욱/김시후/최호진/윤희원,전쟁,15세,2142622
나의 사랑 나의 신부,임찬상,조정석/신민아/윤정희/배성우/라미란/전무송/이시언/고규필/서강준/유하준,멜로/로맨스,15세,2135614
사랑,곽경택,주진모/박시연/주현/김민준/임현성/차도진/곽인준,멜로/로맨스,15세,2123815
세븐 데이즈,원신연,김윤진/김미숙/박희순/최무성/장항선/양진우/정동환/이도겸/원풍연/이라혜,스릴러,청소년,2120741
이클립스,데이빗 슬레이드,크리스틴 스튜어트/로버트 패틴슨/테일러 로트너/빌리 버크/애슐리 그린/잭슨 라스본/니키 리드/켈란 루츠/엘리자베스 리저/피터 파시넬리,판타지,12세,2105050
사생결단,최호,류승범/황정민/김희라/추자현/이도경/온주완,액션,18세,2104716
엑스맨 : 최후의 전쟁,브렛 래트너,휴 잭맨/할리 베리/이안 맥켈런/팜케 얀센/안나 파킨/켈시 그래머/레베카 로미즌/제임스 마스던/숀 애쉬모어/아론 스탠포드,SF,12세,2096180
몽타주,정근섭,엄정화/김상경/송영창/조희봉/유승옥/정해균/박철민/기주봉/이준혁/태원석,스릴러,15세,2095375
색즉시공 시즌2,윤태윤,임창정/송지효/최성국/신이/유채영/이화선/이상윤/홍지영/선호빈/최현,코미디,청소년,2088134
논스톱,자움 콜렛 세라,리암 니슨/줄리안 무어/미셸 도커리/스쿳 맥네이리/네이트 파커/코리 스톨/루피타 뇽/라이너스 로체/앤슨 마운트/바 팔리,액션,15세,2084457
내부자들: 디 오리지널,우민호,이병헌/조승우/백윤식/이경영/김홍파/배성우/조재윤/김대명/조우진/이엘,범죄,청소년,2083975
쩨쩨한 로맨스,김정훈,이선균/최강희/오정세/류현경/송유하/백도빈/박성일/조은지,코미디,청소년,2080574
장화신은 고양이,크리스 밀러,안토니오 반데라스/셀마 헤이엑/자흐 갈리피아나키스/빌리 밥 손튼/에이미 세다리스/콘스탄스 마리/길예르모 델 토로/리치 디에틀/라이언 크레고/톰 휠러,애니메이션,전체관,2080154
인투 더 스톰,스티븐 쿼일,리처드 아미티지/사라 웨인 콜리스/맷 월쉬/제레미 섬터/맥스 디콘/네이단 크레스/알리시아 데브넘 캐리/알렌 에스카페타/리 휘태커/카일 데이비스,액션,12세,2078492
청춘만화,이한,권상우/김하늘/이상우/장미인애/정규수/이경진/박지빈/정민아/최종률,코미디,12세,2066354
눈에는 눈 이에는 이,곽경택/안권태,한석규/차승원/송영창/이병준/정인기/김지석/차도진/이재구/김윤태/김종만,범죄,15세,2058764
뷰티 인사이드,백,한효주/김대명/도지한/배성우/박신혜/이범수/박서준/김상호/천우희/우에노 주리,판타지,12세,2053947
본 얼티메이텀,폴 그린그래스,맷 데이먼/줄리아 스타일스/데이빗 스트라탄/스콧 글렌/패디 콘시딘/에드가 라미레즈/알버트 피니/조안 알렌/톰 갤로프/코리 존슨,액션,12세,2052800
비열한 거리,유하,조인성/천호진/남궁민/이보영/진구/윤제문/선우은숙/이종혁,액션,18세,2047808
노아,대런 아로노프스키,러셀 크로우/제니퍼 코넬리/엠마 왓슨/안소니 홉킨스/로건 레먼/레이 윈스턴/더글러스 부스/다코타 고요/케빈 두런드/놀란 그로스,어드벤처,15세,2026574
페르시아의 왕자: 시간의 모래,마이크 뉴웰,제이크 질렌할/젬마 어트튼/벤 킹슬리/알프리드 몰리나/스티브 토어세인트/토비 켑벨/리처드 코일/로널드 픽업/리스 리치/기슬리 온 가다르손,액션,12세,2003533
박물관이 살아있다 2,숀 레비,벤 스틸러/에이미 아담스/오웬 윌슨/행크 아자리야/로빈 윌리엄스/크리스토퍼 게스트/알랭 샤바/스티브 쿠건/럭키 제바이스/빌 헤이더,어드벤처,전체관,2002526
레버넌트: 죽음에서 돌아온 자,알레한드로 곤잘레스 이냐리투,레오나르도 디카프리오/톰 하디/도널 글리슨/윌 폴터/폴 앤더슨/루카스 하스/브렌단 플레처/브래드 카터/크리스토퍼 요너/로버트 몰로니,어드벤처,15세,2001468
남자가 사랑할 때,한동욱,황정민/한혜진/남일우/곽도원/정만식/김혜은/강민아/김홍파/김병옥/남문철,멜로/로맨스,15세,1979311
루시,뤽 베송,스칼렛 요한슨/모건 프리먼/최민식/애널리 팁튼/아미르 웨이키드/줄리안 린드 터트/요한 필립 애스백/니콜라스 퐁페스/얀 올리버 슈뢰더/루카 안젤라티,액션,청소년,1971837
뉴 문,크리스 웨이츠,크리스틴 스튜어트/로버트 패틴슨/테일러 로트너/애슐리 그린/피터 파시넬리/엘리자베스 리저/켈란 루츠/니키 리드/잭슨 라스본/브론손 페레티어,판타지,12세,1949027
천사와 악마,론 하워드,톰 행크스/아예렛 주러/이완 맥그리거/스텔란 스카스가드/아민 믈러 스탈,미스터리,15세,1936321
터보,데이빗 소렌,라이언 레이놀즈/폴 지아마티/마이클 페나/사무엘 L. 잭슨/루이스 구즈만/스눕 독/빌 헤이더/마야루돌프/벤 슈와츠/리차드 젠킨스,애니메이션,전체관,1923748
애자,정기훈,최강희/김영애/배수빈/최일화/성병숙/사현진/김재만/송민지/장영남,드라마,15세,1922634
잠복근무,박광춘,김선아/공유/남상미/하정우/노주현/김상호,코미디,15세,1914941
그림자 살인,박대민,황정민/류덕환/엄지원/오달수/윤제문/주다영/김향기/김응수/송재호/오태경,미스터리,15세,1914779
오늘의 연애,박진표,이승기/문채원/이서진/정준영/고윤/리지/류화영/박시은/하경민/박은지,멜로/로맨스,15세,1891993
글러브,강우석,정재영/유선/강신일/조진웅/강미경/김혜성/장기범/이현우/김동영/김연준,드라마,전체관,1888100
라디오 스타,이준익,박중훈/안성기/최정윤/노브레인/이성우/황현성/정재환/정민준/정석용/윤주상,드라마,12세,1879501
퍼시 잭슨과 번개 도둑,크리스 콜럼버스,로건 레먼/피어스 브로스넌/우마 서먼/숀 빈/로사리오 도슨/케빈 맥키드/캐서린 키너/스티브 쿠건/제이크 아벨/알렉산드라 다드다리오,판타지,12세,1877226
해결사,권혁재,설경구/이정진/오달수/조진모/이성민/문정희/송새벽/이영훈,액션,15세,1873327
색계,이안,양조위/탕웨이/조안 첸/왕리홍/탁종화/전가락/왕휘링/아누팜 커/타케시타 아키코/후지키 하야토,드라마,청소년,1866900
연애의 온도,노덕,이민기/김민희/최무성/라미란/하연수/이문정/김강현/최귀화/박병은/윤경희,멜로/로맨스,청소년,1865195
아이들...,이규만,박용우/류승룡/성동일/성지루/김여진/박병은/주진모/김구택/박미현/장유,범죄,15세,1864408
테이큰 3,올리비에 메가턴,리암 니슨/팜케 얀센/매기 그레이스/존 그리스/포레스트 휘태커/릴랜드 오서/알렉산더 레이스/조니 웨스턴/딜런 브루노/알 사피엔자,액션,15세,1860934
구세주,김정우,최성국/신이/조상기/백일섭/박원숙/박준규/김광규,코미디,15세,1858668
코리아,문현성,하지원/배두나/한예리/최윤영/박철민/김응수/오정세/이종석/박영서/권태원,드라마,12세,1857392
지.아이.조 2,존 추,이병헌/브루스 윌리스/드웨인 존슨/채닝 테이텀/아드리안 팔리키/레이 스티븐슨/레이 파크/조셉 마젤로/아놀드 보슬로/에로디 영,액션,15세,1855917
집으로 가는 길,방은진,전도연/고수/류태호/배성우/강지우/조안나 쿠릭/코린 마시에로/이동휘/최민철/허준석,드라마,15세,1854625
악마를 보았다,김지운,이병헌/최민식/전국환/천호진/오산하/김윤서/최무성/김시운,스릴러,청소년,1848418
바람피기 좋은 날,장문일,김혜수/윤진서/이종혁/이민기/박혁권/황정민/이라혜,드라마,청소년,1847875
콘스탄틴,프란시스 로렌스,키아누 리브스/레이첼 와이즈/샤이아 라보프/틸다 스윈튼/프루이트 테일러 빈스/디몬 하운수/게빈 로스데일/피터 스토메어,드라마,15세,1845000
흡혈형사 나도열,이시명,김수로/조여정/천호진/손병호/오광록,코미디,15세,1824822
나의 PS 파트너 ,변성현,지성/김아중/신소율/강경준/김성오/정수영/문지윤/김보미/곽지민,멜로/로맨스,청소년,1823116
007 스펙터,샘 멘데스,다니엘 크레이그/레아 세이두/크리스토프 왈츠/모니카 벨루치/랄프 파인즈/데이브 바티스타/스테파니 시그만/나오미 해리스/벤 위쇼,액션,15세,1820842
차우,신정원,엄태웅/정유미/장향선/윤제문/박혁권/김기천/장유/고서희/박혜진,액션,12세,1799356
작전명 발키리,브라이언 싱어,톰 크루즈/케네스 브래너/빌 나이/톰 윌킨슨/캐리스 밴 허슨/토마스 크레취만/테렌스 스탭프/에디 이자드/케빈 맥널리,스릴러,12세,1798205
분노의 질주: 더 맥시멈,저스틴 린,빈 디젤/드웨인 존슨/폴 워커/루크 에반스/미셸 로드리게즈/성 강/갤 가돗/조다나 브류스터/조 타슬림,액션,15세,1790457
아내가 결혼했다,정윤수,손예진/김주혁/주상욱/김병춘/천성훈,멜로/로맨스,청소년,1788748
벤자민 버튼의 시간은 거꾸로 간다,데이빗 핀처,브래드 피트/케이트 블란쳇/줄리아 오몬드/제이슨 플레밍/엘리어스 코티스/도나 두플랜티어/제이콥 톨라노/얼 매독스/대니 빈슨,드라마,12세,1767051
공범,국동석,손예진/김갑수/임형준/김광규/박주용/박사랑/하경민/최은석/김호승/유태선,스릴러,15세,1766285
수퍼맨 리턴즈,브라이언 싱어,브랜든 루스/케이트 보스워스/제임스 마스던/프랭크 란젤라/에바 마리 세인트/파커 포시/칼 펜/샘 헌팅톤/케빈 스페이시,SF,전체관,1764758
나를 찾아줘,데이빗 핀처,벤 애플렉/로자먼드 파이크/닐 패트릭 해리스/미시 파일/타일러 페리/킴 딕켄스/패트릭 후짓/셀라 워드/스쿳 맥네이리,스릴러,청소년,1764233
걸리버 여행기,롭 레터맨,잭 블랙/제이슨 세걸/에밀리 블런트/아만다 피트/빌리 코놀리/크리스 오다우드/제임스 코든/캐서린 테이트/올리 알렉산더,코미디,전체관,1762070
대호,박훈정,최민식/정만식/김상호/성유빈/정석원/김홍파/라미란/이은우/현승민,사극,12세,1761964
내셔널 트레져:비밀의 책,존 터틀타웁,니콜라스 케이지/저스틴 바사/다이앤 크루거/존 보이트/헬렌 미렌/에드 해리스/하비 케이틀/브루스 그린우드/타이 버렐,액션,12세,1756319
하울의 움직이는 성,미야자키 하야오,바이쇼 치에코/기무라 타쿠야/가슈인 타츠야/카미키 류노스케/이사키 미츠노리/미와 아키히로/오오이즈미 요/오오츠카 아키오/하라다 다이지로,애니메이션,전체관,1746165
거룩한 계보,장진,정재영/정준호/류승룡/민지환/이문수/주진모/이상훈/박정기/김규철,드라마,15세,1744677
이미테이션 게임,모튼 틸덤,베네딕트 컴버배치/키이라 나이틀리/매튜 구드/로리 키니어/엘렌 리치/매튜 비어드/찰스 댄스/마크 스트롱/스티브 워딩튼,드라마,15세,1743774
전설의 주먹,강우석,황정민/유준상/이요원/윤제문/정웅인/성지루/강성진/박정민/지우,드라마,청소년,1737253
연애의 목적,한재림,박해일/강혜정/이대연/박그리나/박준명,드라마,18세,1735977
제보자,임순례,박해일/유연석/이경영/박원상/류현경/송하윤/감강현/김수안/김중기/남명렬,드라마,12세,1735640
악마는 프라다를 입는다,데이빗 프랭클,메릴 스트립/앤 해서웨이/스탠리 투치/에밀리 블런트/아드리언 그레니어/트레이시 톰스/리치 소머/사이먼 베이커/다니엘 선자타,드라마,12세,1730719
주먹이 운다(Crying Fist),류승완,최민식/류승범/임원희/변희봉/나문희/기주봉,드라마,15세,1728477
러브픽션,전계수,하정우/공효진/조희봉/이병준/지진희/유인나/김성기/곽도원,멜로/로맨스,15세,1726202
스타워즈 에피소드3 - 시스의복수,조지 루카스,이완 맥그리거/나탈리 포트만/헤이든 크리스텐슨/이언 맥디어미드/프랭크 오즈/지미 스미츠/피터 메이휴/아흐메드 베스트/테무에라 모리슨,SF,전체관,1722800
언터처블: 1%의 우정,올리비에르 나카체/에릭 토레다노,프랑수아 클루제/오마 사이/앤 르 니/클로딜 몰레/알바 가이아 크라게데 벨루기/오드리 플뢰로/조시핀 드 모/그레고이레 오에스테르만/프랑소와 카론,코미디,12세,1719772
평양성,이준익,정진영/이문식/류승룡/윤제문/선우선/김민상/송창곤/이광수/신정근,전쟁,12세,1717566
샌 안드레아스,브레드 페이튼,드웨인 존슨/알렉산드라 다드다리오/칼라 구기노/콜튼 하인즈/폴 지아마티/윌윤리/이안 그루처드/아치 판자비/카일리 미노그,액션,12세,1714071
파파로티,윤종찬,한석규/이제훈/오달수/강소라/조진웅/이재용/진경/이상훈/이도연,드라마,15세,1713891
밀양,이창동,전도연/송강호/조영진/김영재/선정엽/송미림/김미향/이윤희/김종수,드라마,15세,1710364
쎄시봉,김현석,정우/김윤석/한효주/김희애/진구/장현성/강하늘/조복래/권해효/최규환,멜로/로맨스,15세,1707487
님은 먼 곳에,이준익,수애/정진영/정경호/주진모/신현탁/박윤호/이주실,드라마,15세,1706576
토르: 천둥의 신,케네스 브래너,크리스 헴스워스/나탈리 포트만/톰 히들스턴/안토니 홉킨스/스텔라 스카스가드/캣 데닝스/클락 그레그/이드리스 엘바/콜므 포어,액션,12세,1694529
조폭마누라3,조진규,서기/이범수/현영/오지호/조희봉,액션,15세,1690465
불꽃처럼 나비처럼,김용균,조승우/수애/천호진/최재웅/김영민/박민희/고수희/송희연/이용녀,멜로/로맨스,15세,1690294
점퍼,더그 라이만,헤이든 크리스텐슨/사무엘 L. 잭슨/제이미 벨/레이첼 빌슨/다이안 레인/마이클 루커/안나소피아 롭/맥스 티에리옷/제시 제임스,SF,15세,1685405
피끓는 청춘,이연우,박보영/이종석/이세영/김영광/권해요/김희원/라미란/신현탁/박정민,코미디,15세,1676040
마다가스카의 펭귄,에릭 다넬/사이몬 J.스미스,베네딕트 컴버배치/존 말코비치/톰 맥그리스/크리스 밀러/크리스토퍼 나이츠/켄 정/아넷 마헨드루/피터 스토메어/콘래드 버논,애니메이션,전체관,1661230
아이스 에이지 4: 대륙 이동설,스티브 마티노/마이크 트메이어,존 레귀자모/레이 로마노/데니스 리어리/퀸 라티파/제니퍼 로페즈/숀 윌리엄 스코트/쿠널 나이어/알란 터딕/조쉬 펙,애니메이션,전체관,1648070
공모자들,김홍선,임창정/최다니엘/오달수/조윤희/정지윤/조달환/이영훈/신승환/최일화,범죄,청소년,1646142
그대를 사랑합니다,추창민,이순재/윤소정/송재호/김수미/오달수/송지효/이상훈/김비비/이준혁,드라마,15세,1640351
고死 : 피의 중간고사,창,이범수/윤정희/남규리/김범/손여은/이얼/김소희/공정환,공포(호러),15세,1634051
마다가스카3 : 이번엔 서커스다!,에릭 다넬/톰 맥그라스/콘래드 베논,벤 스틸러/데이빗 쉼머/제이다 핀켓 스미스/크리스 록/프란시스 맥도맨드/제시카 차스테인/사챠 바론 코헨/세드릭 더 엔터테이너/앤디 리치터,애니메이션,전체관,1626704
블랙 스완,대런 아로노프스키,나탈리 포트만/뱅상 카셀/밀라 쿠니스/바바라 허쉬/위노나 라이더/벤자민 마일피드/세니아 솔로/크리스티나 아나파우/자넷 몽고메리,드라마,청소년,1623199
분노의 질주: 언리미티드,저스틴 린,빈 디젤/폴 워커/드웨인 존슨/조다나 브류스터/타이레스/루다크리스/맷 슐즈/성 강/갤 가돗,스릴러,15세,1621973
마다가스카,에릭 다넬/톰 맥그라스/콘래드 베논,벤 스틸러/크리스 록/데이빗 쉼머/제이다 핀켓 스미스/세드릭 더 엔터테이너/앤디 리치터/톰 맥그라스/사챠 바론 코헨/크리스 밀러,애니메이션,전체관,1620031
권순분여사 납치사건,김상진,나문희/강성진/유해진/유건/박상면/박준면/정규수,코미디,15세,1619190
무방비도시,이상기,김명민/손예진/김해숙/손병호/심지호/김병옥/박길수/도기석/윤유선,범죄,15세,1613728
우아한 거짓말,이한,김희애/고아성/김유정/김향기/유아인/성동일/천우희/유연미/박수영,드라마,12세,1613392
하울링,유하,송강호/이나영/신정근/이성민/임현성/정진/장인호/조영진/남보라,범죄,15세,1612554
두근두근 내 인생,이재용,강동원/송혜교/조성목/백일섭/허준석/김소진/차은우/채서진/최윤석,드라마,12세,1611519
복면달호,김상찬/김현수,차태현/임채무/이소연/정석용/이병준/박선우/박영서/정승우/윤홍규,코미디,12세,1611192
스타트렉 다크니스,J.J. 에이브럼스,크리스 파인/제커리 퀸토/조 샐다나/베네딕트 컴버배치/칼 어반/사이먼 페그/안톤 엘친/존 조/앨리스 이브,액션,12세,1605271
로빈 후드,리들리 스콧,러셀 크로우/케이트 블란쳇/막스 폰 시도우/마크 스트롱/대니 휴스턴/매튜 맥퍼딘/케빈 두런드/윌리엄 허트/마크 에디,액션,15세,1596574
더 폰,김봉주,손현주/엄지원/배성우/노정의/장인섭/조달환/이철민/황석정/황보라,스릴러,15세,1593694
300: 제국의 부활,노암 머로,에바 그린/설리반 스탭플턴/로드리고 산토로/레나 헤디/한스 매디슨/앤드류 티어난/아쉬라프 바롬/앤드류 프레빈/데이비드 웬햄,액션,청소년,1593116
간 큰 가족,조명남,감우성/김수로/신구/김수미/성지루/신이/이칸희/이용이/임형준,코미디,12세,1593038
라이프 오브 파이,이안,수라즈 샤르마/이르판 칸/라프 스팰/아딜 후세인/타부/제라드 드빠르디유,어드벤처,전체관,1588373
지구가 멈추는 날,스콧 데릭슨,키아누 리브스/제니퍼 코넬리/제이든 스미스/캐시 베이츠/존 햄/존 클리즈/카일 챈들러,SF,12세,1576333
적벽대전:거대한 전쟁의 시작,오우삼,양조위/금성무/장풍의/장첸/자오웨이/후준/나카무라 시도/린즈링/우용,액션,15세,1573621
무적자,송해성,주진모/송승헌/김강우/조한선/이경영/김지영/김해곤/임형준/서태화,드라마,15세,1571432
원스어폰어타임,정용기,박용우/이보영/김수현/성동일/김응수/안길강/조희봉/김구택/강종인,액션,12세,1562486
위플래쉬,다미엔 차젤레,마일즈 텔러/J.K. 시몬스/멜리사 베노이스트/폴 레이저/오스틴 스토웰/네이트 랭/제이슨 블레어/코피 서리보/크리스 멀키,드라마,15세,1561815
야수와 미녀,이계벽,류승범/신민아/김강우/안길강/이영숙/은정,코미디,12세,1561282
마파도2,이상훈,이문식/김지영/여운계/김을동/김형자/길해연/이규한/김양우/이철민,코미디,12세,1560297
용의자X,방은진,류승범/이요원/조진웅/김윤성/김보라/이석준/임성민/곽민호/권해효,미스터리,15세,1552055
해바라기,강석범,김래원/김해숙/허이재/김병옥/김정태/한정수/지대한,액션,15세,1543429
유감스러운 도시,김동원,정준호/정웅인/정운택/박상민/김상중/한고은/선우재덕/박용기/김대희,코미디,15세,1534911
작전,이호재,박용하/김민정/박희순/김무열/조덕현/김준성/이동용/조재윤/박재웅,범죄,15세,1534407
중천,조동오,정우성/김태희/허준호/박상욱/소이현/김광일/유하준/박정학,액션,12세,1531220
벼랑 위의 포뇨,미야자키 하야오,나라 유리아/도이 히로키/야마구치 토모코/토코로 죠지/아마미 유키/나가시마 카즈시게/야노 아키코/히다리 토키에/히라오카 에미,애니메이션,전체관,1521842
오블리비언,조셉 코신스키,톰 크루즈/모건 프리먼/올가 쿠릴렌코/안드레아 라이즈보로/멜리사 레오/니콜라이 코스터-왈도/린지 클리프트/조 벨/제임스 로우링스,액션,15세,1515356
몬스터 호텔 2,젠디 타타코브스키,아담 샌들러/셀레나 고메즈/케빈 제임스/스티브 부세미/앤디 샘버그/데이빗 스페이드/키건 마이클 키/프란 드레셔/멜 브룩스,애니메이션,전체관,1515097
엑소더스: 신들과 왕들,리들리 스콧,크리스찬 베일/조엘 에저튼/시고니 위버/벤 킹슬리/아론 폴/인디라 바르마/존 터투로/이뮨 엘리엇/마리아 발베르드,드라마,12세,1511145
퍼펙트 게임,박희곤,조승우/양동근/최정원/마동석/조진웅/손병호/현쥬니/이도경/김영민,드라마,12세,1507084
더 게임,윤인호,신하균/변희봉/이혜영/손현주/이은성/김혁/추상록/맹봉학/조청호,스릴러,15세,1496214
B형 남자친구,최석원,이동건/한지혜/신이/백일섭/유태웅/정려원/김재인/이유정,코미디,12세,1485454
토이 스토리 3,리 운크리치,톰 행크스/팀 알렌/조안 쿠삭/네드 비티/돈 리클스/마이클 키튼/월리스 쇼운/존 라첸버거/에스텔 해리스,가족,전체관,1484843
킹덤 오브 헤븐,리들리 스콧,올랜도 블룸/에바 그린/리암 니슨/제레미 아이언스/요코 아홀라/쉐인 앳을/팀 바로우/크리스찬 보빙/마튼 초카스,액션,15세,1484000
나니아 연대기:캐스피언 왕자 ,앤드류 아담슨,벤 반스/조지 헨리/스캔다 케인즈/윌리암 모즐리/안나 팝플웰/리암 니슨/워윅 데이비스/세르지오 카스텔리토/피터 딘클리지,어드벤처,전체관,1478573
차이나타운,한준희,김혜수/김고은/엄태구/박보검/고경표/이수경/조현철,범죄,청소년,1472006
해무(海霧),심성보,김윤석/박유천/한예리/이희준/문성근/김상호/유승목/조경숙/정인기,드라마,청소년,1466830
브레이킹 던 part1,빌 콘돈,크리스틴 스튜어트/로버트 패틴슨/다코타 패닝/테일러 로트너/애슐리 그린/매기 그레이스/마이클 쉰/니키 리드/안나 켄드릭,드라마,15세,1462280
홀리데이,양윤호,이성재/최민수/장세진/이얼/문영동/김동현/여현수/이봉규/조안,드라마,18세,1458896
새미의 어드벤쳐 2,벤 스타센,빌리 웅거/팻 캐럴/이사벨 퍼만/카를로스 맥쿨러스 2세/멜라니 그리피스/크리스 앤드류 시을라/신다 애덤스/테리 더글러스/카터 하스팅스,애니메이션,전체관,1452872
각설탕,이환경,임수정/박은수/김유정/김기천/권병길/최학락/김광규/박길수/오태경,드라마,전체관,1446820
위대한 개츠비,바즈 루어만,레오나르도 디카프리오/캐리 멀리건/토비 맥과이어/조엘 에저튼/아일라 피셔/제이슨 클락/엘리자베스 데비키/젬마 워드/캘런 맥오리피,드라마,15세,1445124
인간중독,김대우,송승헌/임지연/조여정/온주완/유해진/박혁권/전혜진/배성우/엄태구,멜로/로맨스,청소년,1441964
궁녀,김미정,박진희/윤세아/서영희/임정은/전혜진/김성령/김미경/김남진/이용이,미스터리,청소년,1438531
잃어버린 세계를 찾아서,에릭 브리빅,브렌든 프레이저/조쉬 허처슨/애니타 브리엠/세스 마이어스/진 마이클 파레/제인 윌러/프랭크 폰테인/지안카를로 칼터비아노,SF,전체관,1438353
다이하드: 굿 데이 투 다이,존 무어,브루스 윌리스/제이 코트니/메리 엘리자베스 윈스티드/율리아 스니기르/세바스티안 코치/콜 하우저/아마우리 놀라스코/메갈린 에치쿤워크/앤 비알리치나,액션,15세,1438056
런닝맨,조동오,신하균/이민호/김상호/조은지/오정세/주현/김의성/정석용/남경읍,액션,15세,1416053
검은 집,신태라,황정민/유선/강신일/김서형/김정팔/유승목/정인기,스릴러,청소년,1408882
구르믈 버서난 달처럼,이준익,황정민/차승원/한지혜/백성현/김창완/송영창/정규수/신정근/류승룡,사극,15세,1407681
허브,허인무,강혜정/배종옥/정경호/이미영/이원종/이영유/이병현/스테이/정성윤,드라마,12세,1406199
예스맨,페이튼 리드,짐 캐리/주이 디샤넬/브래들리 쿠퍼/존 마이클 히긴즈/라이스 다비/대니 마스터슨/피오눌라 플라나건/테렌스 스탬프/샤샤 알렉산더,코미디,15세,1402609
말레피센트,로버트 스트롬버그,안젤리나 졸리/엘르 패닝/샬토 코플리/주노 템플/브렌튼 스웨이츠/엘라 퍼넬/한나 뉴/이멜다 스턴톤/샘 라일리,액션,12세,1397526
라스트 에어벤더,M. 나이트 샤말란,노아 링어/잭슨 라스본/니콜라 펠츠/데브 파텔/클리프 커티스/세이첼 가브리엘/샤운 토웁/아시프 맨드비/디 브래들리 베이커,액션,전체관,1394110
오션스 써틴,스티븐 소더버그,조지 클루니/브래드 피트/맷 데이먼/엘리어트 굴드/알 파치노/마이클 맨텔/에디 제미슨/돈 치들/샤오보 퀸,범죄,12세,1386610
폼페이: 최후의 날,폴 W.S. 앤더슨,키트 해링턴/에밀리 브라우닝/키퍼 서덜랜드/캐리 앤 모스/아데웰 아킨누오예 아바제/제시카 루카스/자레드 해리스/커리 그레이엄/맬랜다 블랙쏜,액션,15세,1373873
찰리와 초콜릿 공장,팀 버튼,조니 뎁/프레디 하이모어/데이빗 켈리/헬레나 본햄 카터/노아 테일러/미시 파일/제임스 폭스/딥 로이/크리스토퍼 리,코미디,전체관,1372700
분홍신,김용균,김혜수/김성수/박연아/고수희,공포(호러),15세,1371122
퓨리,데이비드 에이어,브래드 피트/로건 레먼/샤이아 라보프/마이클 페나/존 번탈/스콧 이스트우드/자비에르 사무엘/제이슨 아이삭스/짐 파랙,액션,15세,1362114
트와일라잇,캐서린 하드윅,크리스틴 스튜어트/로버트 패틴슨/테일러 로트너/마이클 웰치/저스틴 전/피터 파시넬리/켈란 루츠/크리스티안 세라토스/엘리자베스 리저,액션,12세,1356180
귀향,조정래,강하나/최리/손숙/황화순/정무성/서미지/류신/임성철/오지혜,드라마,15세,1349808
알렉산더,올리버 스톤,콜린 파렐/안소니 홉킨스/안젤리나 졸리/발 킬머/자레드 레토/데이빗 베델라/제시 캄/코너 파올로/패트릭 캐럴,전쟁,15세,1348088
차형사,신태라,강지환/성유리/이수혁/김영광/신민철/신정근/박정학/이희준/손병욱,코미디,15세,1346754
은교,정지우,박해일/김무열/김고은/정만식/박철현/장윤실,멜로/로맨스,청소년,1346274
닌자 어쌔신,제임스 맥티그,비/쇼 코스기/벤 마일즈/나오미 해리스/릭윤,액션,청소년,1345025
신들의 전쟁,타셈 싱,헨리 카빌/미키 루크/프리다 핀토/켈란 루츠/존 허트/이사벨 루카스/조셉 모건/루크 에반스/스티븐 도프,드라마,청소년,1338411
미스터 고,김용화,성동일/서교/김희원/김정태/김응수/김강우/조재윤/김흥래/변희봉,코미디,12세,1328890
굿 다이노,피터 손,레이몬드 오초아/제프리 라이트/프란시스 맥도맨드/스티브 잔/잭 브라이트/안나 파킨/샘 엘리어트/마커스 스크리브너/데이비드 보트,애니메이션,전체관,1328392
드라큘라: 전설의 시작,개리 쇼어,루크 에반스/도미닉 쿠퍼/찰스 댄스/사라 가돈/잭 맥고원/아트 파킨슨/폴 케이/노아 헌틀리/윌리엄 휴스턴,판타지,15세,1321751
청담보살,김진영,박예진/임창정/김희원/서영희/서유정/이준혁/양택조/이용이/박효주,멜로/로맨스,15세,1321005
월ㆍE,앤드류 스탠튼,벤 버트/엘리사 나이트/제프 갈린/프레드 윌러드/맥클린 톨크/존 라첸버거/캐시 나지미/시고니 위버,애니메이션,전체관,1320830
싸움의 기술,신한솔,백윤식/재희/김응수/최여진/박원상/홍승진/박기웅/전재형/권병길,코미디,15세,1313727
가디언즈 오브 갤럭시,제임스 건,크리스 프랫/조 샐다나/데이브 바티스타/빈 디젤/브래들리 쿠퍼/리 페이스/마이클 루커/카렌 길런/디몬 하운수,액션,12세,1311190
간첩,우민호,김명민/염정아/유해진/변희봉/정겨운/정만식/이승호/오나라/천보근,드라마,15세,1310895
월드 인베이젼,조나단 리브스만,아론 에크하크/미셸 로드리게즈/브리짓 모이나한/레이먼 로드리게즈/윌 로스하/코리 하드릭트/짐 파랙/지노 안소니 페시/니요,SF,12세,1307873
영화는 영화다,장훈,소지섭/강지환/홍수현/고창석/송용태/한기중,액션,청소년,1307688
만남의 광장,김종진,임창정/박진희/임현식/이대로/이한위/심원철/이상훈/김나운/홍기훈,코미디,12세,1306434
못말리는 결혼,김성욱,김수미/임채무/유진/하석진/안연홍/이재구/성은,코미디,15세,1304431
엑스맨 탄생: 울버린,개빈 후드,휴 잭맨/리브 슈라이버/대니 휴스턴/린 콜린스,SF,12세,1303452
로맨틱 홀리데이,낸시 마이어스,카메론 디아즈/케이트 윈슬렛/주드 로/잭 블랙/엘리 웰라치/루퍼스 스웰/에드워드 번즈,코미디,15세,1300645
최강로맨스,김정우,이동욱/현영/이정현/전수경/정재진/김재만/김승민/주석태/이명진,멜로/로맨스,15세,1299274
주토피아,바이론 하워드/리치 무어,지니퍼 굿윈/제이슨 베이트먼/샤키라/이드리스 엘바/알란 터딕/J.K. 시몬스/제니 슬레이트/보니 헌트/케이트 로위스,애니메이션,전체관,1288125
셜록: 유령신부,더글라스 맥키넌,베네딕트 컴버배치/마틴 프리먼/아만다 애빙턴/루퍼트 그레이브즈/루 브릴리/나타샤 오키프/우나 스텁스/조나단 아리스/제럴드 키드,범죄,12세,1278885
킹콩을 들다,박건용,이범수/조안/이윤회/최희서/전보미/김민영/이슬비/박준금/우현,드라마,전체관,1277800
소스 코드,던칸 존스,제이크 질렌할/미셸 모나한/베라 파미가/제프리 라이트/마이클 아든/카스 엔바/러셀 피터스/브렌트 스카그포드/크레이그 토마스,액션,12세,1277301
달콤한 인생,김지운,이병헌/김영철/신민아/김뢰하/이기영,액션,18세,1271595
황진이,장윤현,송혜교/유지태/류승룡/윤여정/오태경/정유미/예수정/조승연/김응수,드라마,15세,1270644
이장과 군수,장규성,차승원/유해진/변희봉/최정원/배일집/남일우/전원주/이재구/김응수,코미디,12세,1269142
즐거운 인생,이준익,정진영/김윤석/김상호/장근석/김호정/추귀정/고아성/다야/이정연,드라마,전체관,1263835
미스터 소크라테스,최진원,김래원/강신일/이종혁/윤태영/박성웅/정욱/주명철/허정민/윤서현,액션,18세,1261965
마다가스카 2,에릭 다넬/톰 맥그라스/콘래드 베논,벤 스틸러/크리스 록/데이빗 쉼머/제이다 핀켓 스미스/사챠 바론 코헨/베니 맥/세드릭 더 엔터테이너/앤디 리치터/베니 맥/알렉 볼드윈,애니메이션,전체관,1247015
간기남,김형준,박희순/박시연/주상욱/김정태/이한위/이광수/차수연/김윤성/윤재,코미디,청소년,1246185
꿀벌대소동,스티브 히크너/사이몬 J.스미스,제리 사인펠트/르네 젤위거/매튜 브로데릭/패트릭 워버튼/존 굿맨/크리스 록/캐시 베이츠/배리 레빈슨/래리 킹,가족,전체관,1240953
행복,허진호,황정민/임수정/김기천/유승목,드라마,15세,1239789
육혈포 강도단,강효진,나문희/김수미/김혜옥/임창정/김희원/김광규/강경현/장원영/전헌태,코미디,15세,1233582
천군,민준기,박중훈/김승우/황정민/공효진/김승철/김병춘/김수현/마동석/김구택,액션,15세,1232992
메리다와 마법의 숲,마크 앤드류스/브렌다 채프먼,켈리 맥도날드/빌리 코놀리/엠마 톰슨/줄리 윌터스/크레이그 퍼거슨/케빈 맥키드/로비 콜트레인/스티븐 크리/존 라첸버거,애니메이션,전체관,1231024
심야의 F.M.,김상만,수애/유지태/마동석/정만식/최송현/김민규/신다은/이준하/최희원,스릴러,청소년,1228673
찌라시: 위험한 소문,김광식,김강우/정진영/고창석/박성웅/박원상/김의성/고원희/이채은/이준혁,범죄,15세,1221420
포비든 킹덤: 전설의 마스터를 찾아서,롭 민코프,성룡/이연걸/마이클 안가라노/유역비/리빙빙/예성,액션,12세,1221352
토탈 리콜,렌 와이즈먼,콜린 파렐/케이트 베킨세일/제시카 비엘/브라이언 크랜스톤/존 조/빌 나이/에단 호크/보킴 우드바인,SF,15세,1219637
결혼전야,홍지영,김강우/김효진/이연희/택연/마동석/구잘 투르수노바/이희준/고준희,멜로/로맨스,15세,1212270
내셔널 트레져,존 터틀타웁,니콜라스 케이지/존 보이트/하비 케이틀/다이앤 크루거/숀 빈/저스틴 바사/마크 펠레그리노/크리스토퍼 플러머,액션,12세,1212037
레지던트 이블 4: 끝나지 않은 전쟁 3D,폴 W.S. 앤더슨,밀라 요보비치/알리 라터/킴 코티스/숀 로버츠/세르지오 페리스 멘체타/스펜서 로크/보리스 코조/웬트워스 밀러,공포(호러),청소년,1209538
엘리시움,닐 블롬캠프,맷 데이먼/조디 포스터/샬토 코플리/앨리스 브라가/디에고 루나/와그너 모라/윌리암 피츠너/브랜든 오렛,SF,청소년,1207732
인사동 스캔들,박희곤,김래원/엄정화/임하룡/홍수현/김정태/김병옥/마동석/오정세,드라마,15세,1206101
깡철이,안권태,유아인/김해숙/김정태/김성오/정유미/이시언/신정근/김인우,드라마,15세,1204666
형사; Duelist,이명세,하지원/강동원/안성기/송영창/윤주상/도용구/심철종/배중식,멜로/로맨스,12세,1203146
몬스터 하우스,길 키넌,밋첼 머소/샘 러너/스펜서 로크/스티브 부세미/매기 질렌할/제이슨 리/케빈 제임스/닉 캐논,공포(호러),전체관,1201649
R2B: 리턴투베이스,김동원,비/유준상/신세경/김성수/이하나/이종석/정경호/정한용,액션,15세,1201640
더 웹툰: 예고살인,김용균,이시영/엄기준/현우/문가영/권해효/김도영,공포(호러),15세,1201033
짝패,류승완,류승완/정두홍/이범수/정석용/안길강/이주실/김병옥/조덕현,액션,18세,1196520
파송송 계란탁,오상훈,임창정/이인성/이상훈/맹상훈/엄수경/최은지/최무인/박혜원,코미디,15세,1193150
몽정기2,정초신,이지훈/강은비/전혜빈/박슬기/신주아/전재형/이재필/박길수,코미디,15세,1188815
나니아 연대기: 새벽 출정호의 항해,마이클 앱티드,벤 반스/조지 헨리/윌 폴터/스캔다 케인즈/윌리암 모즐리/안나 팝플웰/로라 브렌트/사이먼 페그,판타지,전체관,1182228
빅매치,최호,이정재/신하균/이성민/보아/김의성/배성우/손호준/김윤성,액션,15세,1177438
서양 골동 양과자점 앤티크,민규동,주지훈/김재욱/유아인/최지로/앤디 질렛/김창완/이휘향/오미희,드라마,15세,1173310
웜 바디스,조나단 레빈,니콜라스 홀트/테레사 팔머/존 말코비치/애널리 팁튼/데이브 프랭코/코리 하드릭트/랍 코드리/돈 포드,멜로/로맨스,15세,1169839
돈의 맛,임상수,김강우/백윤식/윤여정/김효진/마오이 테일러/온주완/권병길/황정민,드라마,청소년,1165488
연애술사,천세환,박진희/연정훈/조미령/하하/오윤아/최원영,멜로/로맨스,15세,1163274
장수상회,강제규,박근형/윤여정/조진웅/한지민/김정태/황우슬혜/이준혁/김재화,멜로/로맨스,12세,1160935
가문의 영광5 - 가문의 귀환,정용기,정준호/김민정/유동근/성동일/박상욱/박근형/윤두준/왕석현,코미디,15세,1160021
슬로우 비디오,김영탁,차태현/남상미/오달수/고창석/진경/유영/김헌/김강현,드라마,12세,1159787
잃어버린 세계를 찾아서 2: 신비의 섬,브레드 페이튼,드웨인 존슨/마이클 케인/조쉬 허처슨/바네사 허진스/크리스틴 데이비스/루이스 구즈만/애너 콜웰/마이클 비슬리,액션,전체관,1149628
용서는 없다,김형준,설경구/류승범/한혜진/성지루/남경읍/박상욱/이정헌/이정우,범죄,청소년,1144238
안녕 형아,임태형,박지빈/배종욱/박원상/서대한/최우혁,드라마,전체관,1143136
10000 BC,롤랜드 에머리히,스티븐 스트레이트/카밀라 벨/클리프 커티스/조엘 버겔/에피프 벤 바드라/모 지널/나다니엘 베어링/모나 해몬드,어드벤처,15세,1140118
고령화 가족,송해성,박해일/윤제문/공효진/윤여정/진지희/예지원/김영재/유승목,드라마,15세,1139250
김종욱 찾기,장유정,임수정/공유/천호진/전수경/류승수/이청아,멜로/로맨스,12세,1130638
헝거게임: 캣칭 파이어,프란시스 로렌스,제니퍼 로렌스/조쉬 허처슨/리암 헴스워스/우디 해럴슨/샘 클라플린/필립 세이모어 호프만/토비 존스/지나 말론,판타지,15세,1125739
슬럼독 밀리어네어,대니 보일,데브 파텔/프리다 핀토/타나이 크헤다/아유시 마헤시 카데카/탄비 가네시 론카/루비아나 알리/마드허 미탈/아슈토시 로보 가지와라,드라마,15세,1125032
성난 변호사,허종호,이선균/김고은/임원희/장현성/김윤혜/홍성덕/곽인준/최재웅,범죄,15세,1124918
6년째 연애중,박현진,김하늘/윤계상/신성록/차현정/옥지영/서동원/정윤민,멜로/로맨스,15세,1123294
아랑,안상훈,송윤아/이동욱/이종수/김해인/정원중/이승철/추소영,공포(호러),15세,1122399
특수본,황병국,엄태웅/주원/정진영/성동일/이태임/김정태/김영재/이희준,액션,15세,1118258
스타 트렉: 더 비기닝,J.J. 에이브럼스,크리스 파인/제커리 퀸토/에릭 바나/사이먼 페그/위노나 라이더/칼 어번/존 조/조 샐다나,SF,12세,1111865
회사원,임상윤,소지섭/이미연/곽도원/김동준/이경영/한보배/박진우,액션,청소년,1110523
간신,민규동,주지훈/김강우/천호진/임지연/이유영/송영창/조한철/차지연,사극,청소년,1110246
그 여자 작사 그 남자 작곡,마크 로렌스,드류 베리모어/휴 그랜트/셔만 알퍼트/제이슨 앤툰/블레이크 박슨델/헤일리 베넷/테레사 베넷/키너 버무데즈,멜로/로맨스,12세,1103900
박물관이 살아있다 : 비밀의 무덤,숀 레비,벤 스틸러/로빈 윌리엄스/댄 스티븐스/오웬 윌슨/레벨 윌슨/벤 킹슬리/딕 반 다이크/스티브 쿠건,어드벤처,전체관,1101678
베스트셀러,이정호,엄정화/류승룡/이도경/조진웅/이성민/김화영/박사랑/최무성,미스터리,15세,1099665
지금 사랑하는 사람과 살고 있습니까?,정윤수,엄정화/박용우/이동건/한채영/최재원/오지영/최용민/이영숙,드라마,청소년,1095119
007 카지노 로얄,마틴 캠벨,다니엘 크레이그/에바 그린/매즈 미켈슨/주디 덴치/제프리 라이트/지안카를로 지아니니/카테리나 뮤리노/시몬 압카리언,액션,15세,1088307
그때 그 사람들,임상수,한석규/백윤식/송재호/김응수/조상건/권병길/정원중/조은지,미스터리,15세,1083962
마루 밑 아리에티,요네바야시 히로마사,시다 미라이/키미키 류노스케/미우라 토모카즈/오타케 시노부/키키 키린/타케시타 케이코,애니메이션,전체관,1083746
가디언즈,피터 램지,크리스 파인/알렉 볼드윈/주드 로/아일라 피셔/휴 잭맨/다코타 고요/양세나/카마니 그리핀,애니메이션,전체관,1075584
더 울버린,제임스 맨골드,휴 잭맨/사나다 히로유키/윌윤리/브라이언 티/스베트라나 코드첸코바/할 야마노우치/팜케 얀센,액션,15세,1075333
섹스 앤 더 시티,마이클 패트릭 킹,사라 제시카 파커/킴 캐트럴/신시아 닉슨/크리스틴 데이비스/크리스 노스/제니퍼 허드슨/마리오 캔톤/캔디스 버겐,멜로/로맨스,청소년,1074321
오빠생각,이한,임시완/고아성/이희준/이준혁/정준원/이레/탕준상/박수영,드라마,12세,1069425
새드무비,권종관,정우성/임수정/차태현/송태영/염정아/여진구/신민아/이기우,드라마,12세,1066765
노잉,알렉스 프로야스,니콜라스 케이지/챈들러 캔터버리/로즈 번/라라 로빈슨/나디아 타운젠드/앨런 홉굿/에이드리언 픽커링/조슈아 롱,SF,12세,1063955
수상한 고객들,조진모,류승범/성동일/박철민/정선경/서지혜/임주환/윤하,코미디,15세,1059350
남극일기,임필성,송강호/유지태/김경익/박희순/윤제문/최덕문/강혜정,스릴러,15세,1057311
빨간모자의 진실,코리 에드워즈/토드 에드워즈/토니 리치,앤 해서웨이/글렌 클로즈/제임스 벨루시/패트릭 워버튼/안소니 앤더슨/데이빗 오그던 스타이어스/엑스지빗/채즈 팰민테리,애니메이션,전체관,1057223
라따뚜이,브래드 버드,패튼 오스왈트/루 로마노/브라이언 데니히/브래드 거렛/재닌 가로팔로/이안 홈/피터 오툴/존 라첸버거,애니메이션,전체관,1054886
스텝업 2 : 더 스트리트,존 추,브리아나 에비건/로버트 호프먼/애덤 G. 세바니/캐시/윌 켐프/다니엘 폴랑코/크리스토퍼 스콧/마리 코다,멜로/로맨스,12세,1052379
업,피트 닥터/밥 피터슨,에드워드 애스너/조던 나가이/크리스토퍼 플러머/밥 피터슨/델로이 린도/제롬 랜프트/존 라첸버거,애니메이션,전체관,1047327
시크릿,윤재구,차승원/송윤아/류승룡/박원상/오정세/김인권/정인기/이종우,스릴러,청소년,1046787
그놈이다,윤준형,주원/유해진/이유영/류혜영/이준혁/김영웅/서현우/김민서,스릴러,15세,1046313
동창생,박홍수,T.O.P/한예리/윤제문/조성하/김유정/이주실/정호빈/김선경,액션,15세,1044522
슈퍼 배드,피에르 꼬팽/크리스 리노드,스티브 카렐/미란다 코스그로브/다나 가이어/제이슨 세걸/러셀 브랜드/줄리 앤드류스/윌 아넷/크리스틴 위그,애니메이션,전체관,1043904
마음이...,오달균/박은형,유승호/달이/김향기/안길강/코마/정민아/원장희/김난휘,드라마,전체관,1042166
점박이:한반도의 공룡3D,한상호,이형석/신용우/구자형,애니메이션,전체관,1040636
삼국지:용의 부활,이인항,유덕화/홍금보/매기 큐/안지걸/우영광/오건호/적룡/진지휘,사극,15세,1036172
파괴된 사나이,우민호,김명민/엄기준/박주미/김소현/이병준/이호재/민복기/에더린,드라마,청소년,1030285
오직 그대만,송일곤,소지섭/한효주/강신일/박철민/윤종화/오광록/김정학/김미경,멜로/로맨스,15세,1027622
개구쟁이 스머프,라자 고스넬,닐 패트릭 해리스/소피아 베르가라/제이마 메이스/케이티 페리/안톤 옐친/알란 커밍/행크 아자리아/폴 루벤스,애니메이션,전체관,1027438
우아한 세계,한재림,송강호/오달수/최일화/윤제문/박지영/김소은,액션,15세,1025781
김관장 대 김관장 대 김관장,박성균,신현준/최성국/권오중/오승현/노주현/권오민/이한위/박철민,코미디,15세,1025618
데이지,유위강,전지현/정우성/이성재/천호진/강대위/유순철/디온 람,멜로/로맨스,15세,1023096
에라곤,스테판 팡메이어,에드워드 스펠리어스/제레미 아이언스/시에나 길로리/로버트 칼라일/존 말코비치/가렛 헤드룬드/아런 암스트롱/디몬 하운수,판타지,12세,1022140
야수,김성수,권상우/유지태/손병호/이주실/강성진/정원중/김윤석/안길강,액션,18세,1016152
본 레거시,토니 길로이,제레미 레너/에드워드 노튼/레이첼 와이즈/조안 알렌/알버트 피니/스콧 글렌/코리 스톨/도나 머피,액션,15세,1015711
밴티지 포인트,피트 트래비스,데니스 퀘이드/매튜 폭스/포레스트 휘태커/브루스 맥길/에드가 라미레즈/세이드 카그마오우이/아예렉 주러/조 샐다나,스릴러,15세,1015287
향수 : 어느 살인자의 이야기,톰 튀크베어,벤 위쇼/더스틴 호프만/앨런 릭먼/레이첼 허드우드,드라마,15세,1011710
심장이 뛴다,윤재근,김윤진/박해일/정다혜/박하영/주진모/김상호/강신일/이승준,드라마,15세,1006947
셔터 아일랜드,마틴 스콜세지,레오나르도 디카프리오/마크 러팔로/벤 킹슬리/에밀리 모티머/미셸 윌리엄스/막스 폰 시도우/잭키 얼 헤일리,드라마,15세,1006833
라푼젤,네이슨 그레노/바이론 하워드,맨디 무어/제커리 레비/도나 머피/론 펄먼/M.C. 게이니/제프리 탬버/브래드 거렛/폴 F.톰킨스,애니메이션,전체관,1006075
오스트레일리아,바즈 루어만,휴 잭맨/니콜 키드먼/데이비드 웬햄/브랜든 월터스/브라이언 브라운/브루스 스펜스/잭 톰슨/존 자럿,사극,12세,998528
인크레더블 헐크,루이스 리테리어,에드워드 노튼/리브 타일러/팀 로스/윌리엄 허트/팀 블레이크 넬슨/타이 버렐/크리스티나 캐봇/피터 멘사/루 페리그노/폴 솔즈/데보라 나쉬멘토,액션,15세,992064
강력 3반,손희창,김민준/허준호/장항선/남상미/윤태영/김정태/안내상/남문철,액션,15세,989573
방가? 방가!,육상효,김인권/김정태/신현빈/방대한/나자루딘/피터 홀맨/에숀쿠로브 파르비스/전국환,코미디,12세,989021
방황하는 칼날,이정호,정재영/이성민/서준영/이수빈/이주승/최상욱/송지혁/김홍파,범죄,청소년,987420
시체가 돌아왔다,우선호,이범수/류승범/김옥빈/정만식/유다인/신정근/고창석/정인기,범죄,15세,986547
미쓰 와이프,강효진,엄정화/송승헌/김상호/라미란/서신애/정지훈/이승호/이준혁,코미디,15세,984265
게이샤의 추억,롭 마샬,장쯔이/와타나베 켄/양자경/야쿠쇼 코지/쿠도 유키/모모이 가오리/채천/캐리 히로유키 타카와,드라마,15세,983635
파퍼씨네 펭귄들,마크 워터스,짐 캐리/킬라 구기노/안젤라 랜즈베리/매들린 캐롤/오필리아 로비본드/도미닉 치아니즈/필립 베이커 홀/제임스 터퍼,코미디,전체관,979739
로보캅,호세 파딜라,조엘 킨나만/사무엘 L. 잭슨/게리 올드만/마이클 키튼/애비 코니쉬/잭키 얼 헤일리/마이클 K. 윌리엄즈/제니퍼 엘,액션,12세,979509
원더풀 라디오,권칠인,이민정/이정진/이광수/정유미/김병옥/서영/안미나/조우진,드라마,15세,977470
내 사랑,이한,감우성/최강희/엄태웅/정일우/이연희/류승룡/임정은/최종률,멜로/로맨스,12세,977401
돈 크라이 마미,김용한,유선/남보라/유오성/동호/권현상/이상민/정소양/황성웅,스릴러,15세,975462
바보,김정권,차태현/하지원/박희순/박그리나/이기영/박하선/송재호/정경순,드라마,12세,974554
에픽 : 숲속의 전설 ,크리스 웻지,아만다 사이프리드/조쉬 허처슨/콜린 파렐/비욘세/크리스토프 왈츠/스티븐 타일러/제이슨 서디키스/조니 녹스빌,애니메이션,전체관,973703
우리는 형제입니다,장진,조진웅/김성균/김영애/윤진이/이해영/정민진/조복래/최태원,코미디,12세,970373
프로메테우스,리들리 스콧,누미 라파스/마이클 패스벤더/샤를리즈 테론/가이 피어스/로건 마샬 그린/케이트 딕키/라프 스팰/숀 해리스,SF,청소년,970275
전국노래자랑,이종필,김인권/류현경/김수미/오광록/유연석/이초희/오현경/김중기,코미디,12세,963634
쿵푸 허슬,주성치,주성치/원화/원추/임자총/동지화/조지릉/석행우/진국곤,코미디,15세,963580
백야행,박신우,한석규/손예진/고수/이민정/박성웅/차화연/정진/임지규,멜로/로맨스,청소년,956767
잭 더 자이언트 킬러,브라이언 싱어,니콜라스 홀트/이완 맥그리거/엘리너 톰린슨/스탠리 투치/이안 맥쉐인/빌 나이/워윅 데이비스/이완 브렘너,판타지,12세,956154
허삼관,하정우,하정우/하지원/남다름/노강민/전현석/전혜진/장광/민무제,드라마,12세,955175
황후화,장예모/장이모우,주윤발/공리/주걸륜/진준걸/리만/유엽/예대홍,액션,청소년,954387
스텝업4 : 레볼루션,스콧 스피어,라이언 구즈먼/캐서린 맥코믹/스티븐 보스/채드 스미스/메건 분/애덤 G. 세바니/크리스토퍼 스콧/마리코다,멜로/로맨스,12세,953871
트랜스포터-라스트 미션,올리비에 메가턴,제이슨 스타뎀/나탈리야 루다코바/프랑수와 벨레앙/로버트 네퍼/예로엔 크라베,액션,15세,951855
그는 당신에게 반하지 않았다,켄 콰피스,벤 에플렉/제니퍼 애니스톤/드류 베리모어/제니퍼 코넬리/케빈 코넬리/브랜들리 쿠퍼/지니퍼 굿윈/스칼렛 요한슨,멜로/로맨스,15세,949324
상사부일체,심승보,이성재/손창민/박상면/김성민/서지혜/전창걸/공정환/임세호,코미디,15세,947510
새미의 어드벤쳐,벤 스타센,멜라니 그리피스/이사벨 퍼만/유리 로웬탈/안소니 앤더슨/시드니 호프 배너/에드 비글리 주니어/대런 카포지/팻 캐럴,애니메이션,전체관,946615
오로라 공주,방은진,엄정화/문성근/권오중/최종원/현영/김용건/김익태/박효준,범죄,18세,946372
GP 506,공수창,천호진/조현재/이영훈/이도겸/김병철/이승훈/신현탁/이철희,공포(호러),청소년,945185
월터의 상상은 현실이 된다,벤 스틸러,벤 스틸러/크리스틴 위그/숀 펜/아담 스콧/셜리 맥클레인/캐서린 한/패튼 오스왈트/테렌스 베니 하인즈,어드벤처,12세,941672
크루즈 패밀리,커크 드 미코/크리스 샌더스,니콜라스 케이지/라이언 레이놀즈/엠마 스톤/캐서린 키너/클락 듀크/클로리스 리치먼,애니메이션,전체관,941615
일본침몰,히구치 신지,토요카와 에츠시/쿠사나기 츠요시/다이치 마오/시바사키 코우/에모토 아키라/후쿠다 마유코/이시자카 코지/쿠니무라 준,드라마,12세,940560
오만과 편견,조 라이트,키이라 나이틀리/매튜 맥퍼딘/브렌다 블레신/도날드 서덜랜드/톰 홀랜더/로자먼드 파이크/지나 말론/주디 덴치/,멜로/로맨스,12세,938874
평행이론,권호영,지진희/이종혁/박병은/윤세아/오현경/박근형/정한용/고인범,스릴러,15세,937029
뽀로로 극장판 슈퍼썰매 대모험,박영균,이선/이미자/김환진/함수정/홍소영/조현정/정미숙/엄상현,애니메이션,전체관,929985
애나벨,존 R. 레오네티,애나벨 월리스/워드 호튼/알프리 우다드/에릭 라딘/토니 아멘돌라/브라이언 호우/케리 오맬리/가브리엘 베이트먼,공포(호러),15세,925813
뉴월드,테렌스 맬릭,콜린 파렐/코리안카 킬처/크리스토퍼 플러머/크리스찬 베일/오거스트 쉘렌버그/웨스 스투디/데이빗 듈리스/요릭 밴 와게닌젠,드라마,전체관,925154
샤크,비키 젠슨/롭 레터맨,윌 스미스/로버트 드 니로/르네 젤위거/잭 블랙/안젤리나 졸리/마틴 스콜세지/지기 말리/더그 E. 더그,애니메이션,전체관,925154
슈퍼배드 2,크리스 리노드/피에르 꼬팽,스티브 카렐/미란다 코스그로브/크리스틴 위그/모이세스 아리아스/다나 가이어/벤자민 브랫/러셀 브랜드/켄 정,애니메이션,전체관,925108
아이스 에이지 2,카를로스 살다나,레이 로마노/존 레귀자모/데니스 리어리/퀸 라티파/숀 윌리엄 스코트/조쉬 펙/윌 아넷/제이 레노,애니메이션,전체관,924050
배트맨 비긴즈,크리스토퍼 놀란,크리스찬 베일/마이클 케인/리암 니슨/케이티 홈즈/게리 올드만/킬리언 머피/톰 윌킨슨/룻거 하우어,범죄,12세,921300
주먹왕 랄프,리치 무어,존 C. 라일리/잭 맥브레이어/제인 린치/사라 실버맨/알란 터딕/에드 오닐/스테파니 스콧/레이첼 해리스,애니메이션,전체관,918183
투어리스트,플로리안 헨켈 폰 도너스마르크,안젤리나 졸리/조니뎁/폴 베타니/티모시 달튼/스티븐 버코프/루퍼스 스웰/브루노 월코위치/마메드 아레즈키,드라마,15세,915359
크로싱,김태균,차인표/신명철/주다영/서영화/정인기/신철진,드라마,12세,907255
헷지,팀 존슨/캐리 커크패트릭,브루스 윌리스/게리 샌드링/스티브 카렐/에이브릴 라빈/완다 사이키스/윌리암 샤트너/닉 놀테/토마스 헤이든 처치/,애니메이션,전체관,905983
예의없는 것들,박철희,신하균/윤지혜/강산/박길수/박충선/박선우/김병옥/박용범,액션,18세,904802
썬더와 마법저택,벤 스타센/제레미 드그루손,정찬우/김태균/조현정/엄상현/박영재/김하영,애니메이션,전체관,904145
마이 파더,황동혁,김영철/다이엘 헤니/안석환/김인권/최종률/전국환,드라마,15세,902090
점쟁이들,신정원,김수로/강예원/이제훈/곽도원/김윤혜/양경모,코미디,15세,900054
타이탄의 분노,조나단 리브스만,샘 워싱턴/리암 니슨/랄프 파인즈/로자먼드 파이크/대니 휴스턴/에드가 라미레즈,액션,12세,893027
방과후 옥상,이석훈,봉태규/진태현/정윤조/하석진/조달환/이달형,코미디,15세,891417
베오울프,로버트 저메키스,레이 윈스턴/안소니 홉킨스/존 말코비치/로빈 라이트/브렌단 글리슨/크리스핀 글로버,애니메이션,15세,890100
몬스터 호텔,젠디 타타코브스키,아담 샌들러/스티브 부세미/프란 드레셔/앤디 샘버그/셀레나 고메즈/케빈 제임스,애니메이션,전체관,884885
아이스 에이지 3: 공룡시대,카를로스 살다나/마이크 트메이어,존 레귀자모/데니스 리어리/퀸 라티파/레이 로마노/크리스 웨지/카렌 디셔,애니메이션,전체관,877398
메가마인드,톰 맥그라스,윌 페렐/브래드 피트/조나 힐/티나 페이/김수로/저스틴 서룩스,애니메이션,전체관,875481
블랙,산제이 렐라 반살리,라니 무케르지/아미타브 밧찬/드리티먼 카터지/쉐나즈 파텔/아예샤 까푸르/마하바누 모디 코트왈,드라마,전체관,874913
디스 민즈 워,맥지,리즈 위더스푼/크리스 파인/톰 하디/첼시 핸들러/로라 밴더부트/데이비드 코에너,액션,15세,873396
스카이 라인,콜린 스트로즈/그렉 스트로즈,에릭 벌포/스카티 톰슨/브리타니 다니엘/크리스탈 리드/닐 홉킨스/데이빗 제야스,액션,12세,873079
고死 두 번째 이야기: 교생실습,유선동,김수로/황정음/윤시윤/지연/박은빈/지창욱,공포(호러),15세,872594
열한시,김현석,정재영/최다니엘/김옥빈/이대연/박철민/신다은,스릴러,15세,870785
몬스터 대학교,댄 스캔론,빌리 크리스탈/존 굿맨/스티브 부세미/헬렌 미렌/조엘 머레이/존 라첸버거,애니메이션,전체관,870065
개구쟁이 스머프 2,라자 고스넬,크리스티나 리치/닐 패트릭 해리스/알란 커밍/행크 아자리아/케이티 페리/제이마 메이스,애니메이션,전체관,869805
미확인 동영상 : 절대클릭금지,김태경,박보영/주원/강별/이맑음/강해인/최지헌,공포(호러),15세,867386
레모니 스니켓의 위험한 대결,브래드 실버링,짐 캐리/리암 에이켄/에밀리 브라우닝/카라 호프만/셀비 호프만/주드 로,코미디,전체관,858847
숙명,김해곤,송승헌/권상우/김인권/박한별/민응식/안내상,드라마,청소년,858215
올드미스다이어리,김석윤,예지원/지현우/김영옥/서승현/김혜옥/임현식,코미디,12세,856090
살인의뢰,손용호,김상경/김성균/박성웅/조재윤/김의성/기주봉,범죄,청소년,855980
헝거게임: 모킹제이,프란시스 로렌스,제니퍼 로렌스/조쉬 허처슨/리암 헴스워드/필립 세이모어 호프만/줄리안 무어/우디 해럴슨,어드벤처,15세,854377
디스트릭트 9,닐 블롬캠프,샬토 코플리/바네사 헤이우드/제이슨 코프/데이빗 제임스/나탈리 볼트/실베인 스트라이크,SF,청소년,853859
스타더스트,매튜 본,찰리 콕스/클레어 데인즈/미셸 파이퍼/로버트 드 니로/시에나 밀러/제이슨 플레밍,판타지,12세,853441
만추,김태용,현빈/탕웨이/제임스 C. 번스/김준성/존우/대니 랭,멜로/로맨스,15세,844103
오션스 트웰브,스티븐 소더버그,조지 클루니/브래드 피트/맷 데이먼/캐서린 제타 존스/앤디 가르시아/돈 치들,범죄,12세,842000
이대로 죽을 순 없다(Short Time),이영은,이범수/최성국/손현주/변주연/강성연/류용진,코미디,12세,838419
존 카터: 바숨 전쟁의 서막 ,앤드류 스탠튼,테일러 키취/린 콜린스/윌렘 대포/사만다 모튼/토마스 헤이든 처치/마크 스트롱,SF,12세,837426
마린보이,윤종석,김강우/조재현/박시연/이원종/엄효섭/오대환,액션,15세,837059
체포왕,임찬익,박중훈/이선균/이성민/김정태/최덕문/고주연,코미디,15세,831804
데자뷰,토니 스콧,덴젤 워싱턴/발 킬머/폴라 패튼/브루스 그린우드/아담 골드버그/맷 크레이븐,액션,12세,829891
손님,김광태,류승룡/이성민/천우희/이준/구승현/정경호,판타지,15세,827918
로봇(애니),카를로스 살다나,이완 맥그리거/할리 베리/그렉 키니어/멜 브룩스/드류 캐리/아만다 바인즈,코미디,전체관,826100
인시디어스 3,리 워넬,스테파니 스콧/더모트 멀로니/린 샤예/앵거스 샘슨/리 워넬/마이클 레이드 맥케이,공포(호러),15세,825517
남쪽으로 튀어,임순례,김윤석/오연수/한예리/백승환/박사랑/김성균,코미디,15세,821918
뮌헨,스티븐 스필버그,에릭 바나/다니엘 크레이그/시아란 힌즈/마티유 카소비츠/한스 지쉴러/아예렛 주러,스릴러,15세,817155
틴틴 : 유니콘호의 비밀,스티븐 스필버그,다니엘 크레이그/제이미 벨/앤디 서키스/사이먼 페그/캐리 엘위스/닉 프로스트,애니메이션,전체관,814023
하트 오브 더 씨,론 하워드,크리스 헴스워스/벤자민 워커/킬리언 머피/톰 홀랜드/벤 위쇼/브렌단 글라슨,액션,12세,809755
외출,허진호,배용준/손예진/임상효/김광일/전국환,멜로/로맨스,18세,809191
모범시민,F. 게리 그레이,제이미 폭스/제라드 버틀러/레슬리 빕/브루스 맥길/비올라 데이비스/콤 미니,스릴러,15세,807486
써로게이트,조나단 모스토우,브루스 윌리스/라다 미첼/로자먼드 파이크/보리스 코조/빙 라메스/제임스 크롬웰,SF,15세,806924
밀리언 달러 베이비 ,클린트 이스트우드,클린트 이스트우드/힐러리 스웽크/모건 프리먼/안소니 마키/제이 바루첼/마이크 콜터,드라마,12세,806891
헝거게임: 더 파이널,프란시스 로렌스,제니퍼 로렌스/조쉬 허처슨/리암 헴스워드/필립 세이모어 호프만/줄리안 무어/우디 해럴슨,액션,15세,806709
킹스 스피치,톰 후퍼,콜린 퍼스/제프리 러쉬/헬레나 본햄 카터/가이 피어스/제니퍼 엘/마이클 갬본,드라마,12세,806248
스피드 레이서,앤디 워쇼스키/래리 워쇼스키,에밀 허쉬/크리스티나 리치/니콜라스 엘리아/존 굿맨/비/매튜 폭스,액션,12세,804631
하늘에서 음식이 내린다면 2,코디 카메론/크리스 피언,빌 헤이더/안나 페리스/닐 패트릭 해리스/제임스 칸/테리 크루즈/앤디 샘버그,애니메이션,전체관,800062
카트,부지영,염정아/문정희/김영애/김강우/디오/황정민,드라마,12세,799275
무극,첸 카이거,장동건/장백지/사나다 히로유키/사정봉/유엽/진홍,멜로/로맨스,12세,798091
A-특공대,조 카나한,리암 니슨/브래들리 쿠퍼/제시카 비엘/퀸튼 잭슨/샬토 코플리/패트릭 윌슨,액션,15세,791173
화이트: 저주의 멜로디,김곡/김선,은정/황우슬혜/메이다니/최아라/진세연/변정수,공포(호러),15세,790954
상의원,이원석,한석규/고수/박신혜/유연석/마동석/신소율,사극,15세,790158
잭 리처,크리스토퍼 맥쿼리,톰 크루즈/로자먼드 파이크/로버트 듀발/베르너 헤어조크/리차드 젠킨스/데이빗 오예로워,액션,15세,784031
러시 아워 3,브렛 래트너,크리스 터커/성룡/막스 폰 시도우/사나다 히로유키/이반 아탈/쿠도 유키,범죄,15세,783668
숨바꼭질,존 폴슨,로버트 드 니로/다코타 패닝/팜케 얀센/엘리자베스 슈/에이미 어빙/딜란 베이커,드라마,15세,779200
데스노트,카네코 슈스케,후지와라 타츠야/마츠야마 켄이치/세토 아사카/카시이 유우/호소카와 시게키/토다 에리카,범죄,12세,777230
관능의 법칙,권칠인,엄정화/문소리/조민수/이경영/이성민/이재윤,드라마,청소년,773996
그랜드 부다페스트 호텔,웨스 앤더슨,랄프 파인즈/틸다 스윈튼/토니 레볼로리/시얼샤 로넌/애드리언 브로디/윌렘 대포,미스터리,청소년,773649
푸른소금,이현승,송강호/신세경/천정명/이종혁/김민준/윤여정,액션,15세,771699
플라이트 플랜,로베르트 슈벤트케,조디 포스터/피터 사스가드/에리카 크리스틴슨/케이트 비핸/그레타 스카치/주디스 스콧,드라마,12세,771544
나는 왕이로소이다,장규성,주지훈/백윤식/변희봉/박영규/임원희/김수로,사극,12세,768971
좋아해줘,박현진,이미연/최지우/김주혁/유아인/강하늘/이솜,멜로/로맨스,12세,768382
나의 결혼원정기,황병국,정재영/수애/유준상/김성겸/김지영/권태원,드라마,12세,767657
토르: 마법망치의 전설,오스카 요나손/토비 젠켈/거나 칼슨,하하/최효종/김원효/조지훈/양유진,애니메이션,전체관,765315
두 얼굴의 여친,이석훈,봉태규/정려원/이혜은/신은정/김태수/김경래,멜로/로맨스,15세,762112
리오 2,카를로스 살다나,제시 아이젠버그/앤 해서웨이/저메인 클레멘트/제이미 폭스/윌.아이.엠/브루노 마스,애니메이션,전체관,761404
모던보이,정지우,박해일/김혜수/김남길/김태한/김영재/신구,드라마,12세,758473
판타스틱4,팀 스토리,이안 그루퍼드/제시카 알바/크리스 에반스/마이클 치클리스/줄리안 맥마혼/케리 워싱턴,액션,전체관,757900
볼트,바이론 하워드/크리스 윌리엄스,존 트라볼타/마일리 사이러스/수지 에스먼/마크 월튼/말콤 맥도웰,애니메이션,전체관,757337
안녕 헤이즐,조쉬 분,쉐일린 우들리/안셀 엘고트/냇 울프/윌렘 대포/로라 던/로테 베르빅,드라마,12세,744387
그림형제 : 마르바덴 숲의 전설,테리 길리엄,맷 데이먼/히스 레저/피터 스토메어/레나 헤디/조나단 프라이스/모니카 벨루치,판타지,15세,744045
주유소 습격사건 2,김상진,지현우/조한선/문원주/정재훈/박영규/권용운,액션,15세,742475
디파티드,마틴 스콜세지,레오나르도 디카프리오/맷 데이먼/잭 니콜슨/마크 월버그/마틴 쉰/레이 윈스턴,드라마,15세,742276
싸이보그지만 괜찮아,박찬욱,비/임수정/최희진/이용녀/유호정/손영순,SF,12세,739481
시간 여행자의 아내,로베르트 슈벤트케,에릭 바나/레이첼 맥아담스/알렉스 페리스/론 리빙스턴/미쉘 놀든,SF,12세,738963
김씨표류기,이해준,정재영/정려원/박영서,코미디,12세,733931
더 파이브,정연식,김선아/온주완/마동석/신정근/정인기/이청아,스릴러,청소년,731212
Mr.로빈 꼬시기,김상우,엄정화/다니엘 헤니/홀리 캐롤 클락/방중현/김기현/오미연,멜로/로맨스,12세,730443
순정만화,류장하,유지태/이연희/채정안/강인/수영/신충식,멜로/로맨스,12세,730343
비스티 보이즈,윤종빈,윤계상/하정우/윤진서/김민주/마동석/유하준,드라마,청소년,727409
푸시,폴 맥기건,크리스 에반스/다코타 패닝/카밀라 벨/클리프 커티스/디몬 하운수/밍나 웬,SF,15세,726998
슬픔보다 더 슬픈 이야기,원태연,권상우/이보영/이범수/장애연/이한위/신현탁,멜로/로맨스,15세,724107
드림걸즈,빌 콘돈,제이피 폭스/비욘세/에디 머피/제니퍼 허드슨/대니 글로버/아니카 노니 로즈,드라마,15세,722923
신데렐라,케네스 브래너,릴리 제임스/리차드 매든/케이트 블란쳇/헬레나 본햄 카터/홀리데이 그레인저/소피 맥쉐라,멜로/로맨스,전체관,716386
에비에이터,마틴 스콜세지,레오나르도 디카프리오/케이트 블란쳇/케이트 베킨세일/존 C. 라일리/알렉 볼드윈/알란 알다,드라마,15세,715763
풍산개,전재홍,윤계상/김규리/김종수/한기중/최무성/유하복,드라마,청소년,714102
고질라,가렛 에드워즈,애런 존슨/브라이언 크랜스톤/엘리자베스 올슨/줄리엣 비노쉬/와타나베 켄/데이빗 스트라탄,액션,12세,709734
가을로,김대승,유지태/김지수/엄지원/최종원/박승태/임종윤,멜로/로맨스,15세,707820
마음이2,이정철,성동일/김정태/송중기/장한/박순천,드라마,전체관,707748
로보트 태권 V,김청기,김영옥/안정현/김보미/김보영/김영찬,SF,전체관,705207
라스베가스에서만 생길 수 있는 일,톰 바우건,카메론 디아즈/애쉬튼 커쳐/랍 코드리/레이크 벨/트리트 윌리암스,멜로/로맨스,15세,704834
스위니 토드 : 어느 잔혹한 이발사 이야기,팀 버튼,조니 뎁/헬레나 본햄 카터/앨런 릭먼/티모시 스폴/사챠 바론 코헨,뮤지컬,청소년,704058
천일의 스캔들,저스틴 채드윅,나탈리 포트만/스칼렛 요한슨/에릭 바나/짐 스터게스/마크 라이런스,사극,15세,700095
내 깡패 같은 애인,김광식,박중훈/정유미/박원상/정우혁/정인기,드라마,15세,699973
6월의 일기,임경수,신은경/김윤진/에릭/윤주상/맹세창,드라마,15세,697980
트랜센던스,월리 피스터,조니 뎁/레베카 홀/모건 프리먼/폴 베타니/킬리언 머피,SF,12세,696412
님스 아일랜드,마크 레빈,아비게일 브레스린/조디 포스터/제라드 버틀러/마이클 카맨/미크 브래디,코미디,전체관,694728
통증,곽경택,권상우/정려원/마동석/장영남/김형종,멜로/로맨스,15세,693101
여교수의 은밀한 매력,이하,문소리/지진희/박원상/유승목/김영호,코미디,18세,691735
분노의 질주: 더 오리지널,저스틴 린,빈 디젤/폴 워커/미셀 로드리게즈/조다나 브류스터/라즈 알론소,액션,15세,685746
스텝 업 3D,존 추,샤니 빈슨/릭 말람브리/애덤 G. 세바니/해리 슘 주니어/알리슨 스토너,드라마,12세,682712
스파이더위크가의 비밀,마크 S. 워터스,프레디 하이모어/메리 루이스 파커/닉 놀테/사라 볼거/앤드류 맥카시,어드벤처,전체관,682525
픽셀,크리스 콜럼버스,아담 샌들러/케빈 제임스/미셸 모나한/피터 딘클리지/조시 게드,액션,12세,681945
천하장사 마돈나,이해영/이해준,류덕환/김윤석/문세윤/이언/박영서,드라마,15세,678930
기담,정 식/정범식,진구/이동규/김태우/김보경/고주연,공포(호러),15세,678546
리턴,이규만,김명민/유준상/김태우/정유석/김유미,미스터리,청소년,677939
Mr.히치: 당신을 위한 데이트 코치,앤디 테넌트,윌 스미스/에바 멘데스/케빈 제임스/앰버 발레타/줄리 앤 엠메리,멜로/로맨스,12세,675444
몬스터 vs 에이리언,롭 레터맨/콘래드 베논,리즈 위더스푼/휴 로리/세스 로건/레인 윌슨/키퍼 서덜랜드,애니메이션,전체관,672285
동주,이준익,강하늘/박정민/김인우/최홍일/김정팔,드라마,12세,671788
고양이: 죽음을 보는 두 개의 눈,변승욱,박민영/김동욱/김예론/신다은/장유,공포(호러),15세,670295
연애 그 참을 수 없는 가벼움,김해곤,김승우/장진영/선우용여/김상호/남성진,멜로/로맨스,18세,668104
카,존 라세터,오웬 윌슨/폴 뉴먼/보니 헌트/마이클 키튼/밥 코스타스,애니메이션,전체관,665303
하늘에서 음식이 내린다면,필 로드/크리스 밀러,빌 헤이더/안나 페리스/제임스 칸/앤디 샘버그/브루스 캠벨,애니메이션,전체관,665096
리핑 10개의 재앙,스티븐 홉킨스,힐러리 스웽크/데이비드 모리시/이드리스 엘바/윌리엄 랙스데일/안나소피아 롭,SF,15세,664000
명탐정 코난 : 칠흑의 추적자,야마모토 타이치로,타카야미 미나미/야마자키 와카나/카미야 아키라/챠후린/오가타 켄이치,애니메이션,전체관,661550
신데렐라,봉만대,도지원/신세경/안규련/유다인/안아영,공포(호러),15세,659122
삼총사 3D,폴 W.S. 앤더슨,올랜도 블룸/밀라 요보비치/로건 레먼/매튜 맥퍼딘/주노 템플,액션,12세,657564
실종,김성홍,문성근/추자현/전세현/오성수/남문철,범죄,청소년,654587
열정같은소리하고있네,정기훈,정재영/박보영/배성우/류현경/진경,드라마,15세,654407
아이 엠 넘버 포,D.J. 카루소,알렉스 페티퍼/티모시 올리펀트/테레사 팔머/다이아나 애그론/캘런 맥오리피,액션,12세,654386
엔더스 게임,개빈 후드,해리슨 포드/에이사 버터필드/벤 킹슬리/헤일리 스테인펠드/비올라 데이비스,SF,12세,654212
그날의 분위기,조규장,문채원/유연석/조재윤/박민우/이연두,멜로/로맨스,15세,652392
여고괴담 5,이종용,오연서/장경아/손은서/송민정/유신애,공포(호러),15세,652097
울학교 이티,박광춘,김수로/이한위/김성령/백성현/이민호,드라마,15세,651439
오션스,자끄 페렝/자크 클로드,피어스 브로스넌,다큐멘터리,전체관,650994
스텔스,롭 코헨,조쉬 루카스/제시카 비엘/제이미 폭스/샘 쉐퍼드/조 모튼,액션,12세,650160
프레스티지,크리스토퍼 놀란,휴 잭맨/크리스찬 베일/마이클 케인/스칼렛 요한슨/레베카 홀,스릴러,15세,646184
눈먼자들의 도시,페르난도 메이렐레스,줄리안 무어/마크 러팔로/가엘 가르시아 베르날/대니 글로버/앨리스 브라가,드라마,청소년,645218
리오,카를로스 살다나,앤 해서웨이/제시 아이젠버그/제이미 폭스/레슬리 만/제이크 T. 오스틴,애니메이션,전체관,645191
아파트,안병기,고소영/강성진/장희진/박하선/김동욱,공포(호러),18세,644893
명탐정 코난 : 침묵의 15분,시즈노 코분,타카야마 미나미/야마자키 와카나/마츠이 나오코/코야마 리키야/챠후린,애니메이션,전체관,644216
페임,케빈 탄차로엔,애셔 먼로/케이 파나베이커/케링턴 페인/폴 맥길/윌터 페레즈,코미디,12세,644163
머니볼,베넷 밀러,브래드 피트/조나 힐/필립 세이모어 호프만/로빈 라이트/크리스 프랫,드라마,12세,641099
백만장자의 첫사랑,김태균,현빈/이연희/이한솔/조용준/함시훈,멜로/로맨스,12세,639596
호튼,지미 헤이워드/스티브 마티노,짐 캐리/스티브 카렐/캐롤 버넷/윌 아넷/세스 로건,애니메이션,전체관,638598
스노우 화이트 앤 더 헌츠맨,루퍼트 샌더스,샤를리즈 테론/크리스틴 스튜어트/크리스 헴스워스/샘 클라플린/토비 존스,액션,12세,636631
마고리엄의 장난감 백화점,자크 헬름,더스틴 호프만/나탈리 포트만/제이슨 베이트먼/자크 밀스/테드 루드직,가족,전체관,635341
플랜맨,성시흡,정재영/한지민/장광/김지영/차예련,드라마,15세,632299
판타스틱 4: 실버 서퍼의 위협,팀 스토리,이안 그루퍼드/제시카 알바/크리스 에반스/마이클 치클리스/줄리안 맥마혼,SF,12세,631990
핸드폰,김한민,박용우/엄태웅/박솔미/황보연,스릴러,청소년,630049
스승의 은혜,임대웅,오미희/서영희/여현수/이지현,공포(호러),18세,629452
조선마술사,김대승,유승호/고아라/이경영/조윤희,드라마,12세,628568
다찌마와리,류승완,임원희/공효진/박시연/황보라,액션,12세,628508
명탐정 코난: 천공의 난파선,야마모토 야스이치로,타카야미 미나미/야마자키 와카나/야마구치 캇페이/코야마 리키야,애니메이션,전체관,628423
앨빈과 슈퍼밴드2,베티 토머스,제이슨 리/저스틴 롱/매튜 그레이 구블러/제시 맥카트니,가족,전체관,625900
더 임파서블,후안 안토니오 바요나,이완 맥그리거/나오미 왓츠/톰 홀랜드/제랄딘 채플린,액션,12세,622572
해부학 교실,손태웅,한지민/오태경/온주완/조민기,공포(호러),15세,622400
아더 크리스마스,베리 쿡,빌 나이/제임스 맥어보이/휴 로리/짐 브로드벤트,애니메이션,전체관,622286
눈의 여왕 2: 트롤의 마법거울,알렉세이 트시칠린,벨라 손/샬토 코플리/숀 빈/이사벨 퍼만,애니메이션,전체관,618598
인 타임,앤드류 니콜,아만다 사이프리드/저스틴 팀버레이크/킬리언 머피/올리비아 와일드,SF,12세,616943
홍길동의 후예,정용기,이범수/김수로/성동일/이시영,액션,12세,616654
특종: 량첸살인기,노덕,조정석/이미숙/이하나/김의성,스릴러,15세,616481
행복을 찾아서,가브리엘 무치노,윌 스미스/제이든 스미스/제임스 카렌/탠디 뉴튼,드라마,전체관,615374
앨빈과 슈퍼밴드,팀 힐,제이슨 리/저스틴 롱/매튜 그레이 구블러/제시 맥카트니,코미디,전체관,612936
미쓰GO,박철관,고현정/유해진/성동일/이문식,액션,15세,611685
무영검,김영준,이서진/윤소이/이기용/신현준,액션,12세,609852
서부전선,천성일,설경구/여진구/이경영/정성화,전쟁,12세,609063
그린 존,폴 그린그래스,맷 데이먼/제이슨 아이삭스/그렉 키니어/에이미 라이언,드라마,15세,606841
헝거게임: 판엠의 불꽃,게리 로스,제니퍼 로렌스/조쉬 허처슨/리암 헴스워드/엘리자베스 뱅크스,액션,15세,606531
왓치맨,잭 스나이더,제프리 딘 모건/빌리 크루덥/말린 애커맨/칼라 구기노,액션,청소년,606317
이층의 악당,손재곤,한석규/김혜수/지우/김기천,코미디,15세,605224
피에타,김기덕,조민수/이정진/우기홍/강은진,드라마,청소년,602967
역전의 명수,박흥식,정준호/윤소이/김혜나/박정수,코미디,15세,602078
그루지,시미즈 다카시,사라 미셸 겔러/제이슨 베어/빌 풀만/그레이스 자브리스키,공포(호러),15세,601342
다이노소어 어드벤처 3D,베리 쿡/닐 나이팅게일,저스틴 롱/찰리 로우/앵거리 라이스,액션,전체관,599963
